date,expiry,width_rel,or_rel,day_range,close_move,A_prem,A_net,B_prem,B_net,C_prem,C_net,C_dir,year
2024-11-22,20250102,1.3136422762091247,1.1661116803278606,597.0999999999985,314.34999999999854,,,,,,,,2024
2024-11-25,20250102,0.6037283859376429,0.738788748206829,216.09999999999854,-61.54999999999927,,,,,,,,2024
2024-11-26,20250102,0.6682128591676405,0.49375343757368173,211.25,20.0,,,,,,,,2024
2024-11-27,20250102,0.6365773632676109,0.789528493839802,208.89999999999782,74.29999999999927,,,,,,,,2024
2024-11-28,20250102,0.4826530073401358,0.44092163532508105,472.40000000000146,-407.84999999999854,,,,,,,,2024
2024-11-29,20250102,0.6721964882042599,0.6715717742333724,241.10000000000218,154.14999999999782,846.1999816894531,-1018.4099588544057,,,,,,2024
2024-12-02,20250102,0.8071649712516581,0.98391036980878,293.0499999999993,105.29999999999927,,,,,,,,2024
2024-12-03,20250102,0.5342792823521465,0.649441109157861,201.34999999999854,88.59999999999854,,,,,,,,2024
2024-12-04,20250102,0.6971996137398383,0.7755534264535494,206.90000000000146,-71.29999999999927,,,,,,,,2024
2024-12-05,20250102,0.849824862180576,0.639358167809436,562.2000000000007,359.25,,,,,,,,2024
2024-12-06,20250102,0.7380030505690433,0.4278704612365121,130.54999999999927,60.89999999999782,,,,,,,,2024
2024-12-09,20250102,0.7226233453670181,0.6128616178367537,124.95000000000073,16.100000000002183,,,,,,,,2024
2024-12-10,20250102,0.5379696497311691,0.47295491850212396,167.14999999999782,-47.35000000000218,,,,,,,,2024
2024-12-11,20250102,0.43169281229811923,0.40722547932183034,107.90000000000146,48.849999999998545,,,,,,,,2024
2024-12-12,20250102,0.4213927270227486,0.47999339647951,147.29999999999927,-70.35000000000218,,,,,,,,2024
2024-12-13,20250102,1.2433087035119323,1.1871838111298403,611.5,460.7000000000007,,,,,,,,2024
2024-12-16,20250102,0.703075515518343,0.835022463692415,179.5,-24.850000000002183,609.4499816894531,-487.1604128812503,,,,,,2024
2024-12-17,20250102,0.8838041533373081,0.5983816013628601,320.6499999999978,-167.70000000000073,628.8500061035156,-2860.262431643374,435.3500061035156,3795.3504567121254,272.29998779296875,622.2431030273438,-1.0,2024
2024-12-18,20250102,1.2302165075163183,1.0248404426282358,244.60000000000218,-30.150000000001455,611.75,-4056.15972130625,408.25,2582.4253446307507,,,,2024
2024-12-19,20250102,1.0258567931456695,1.2400190114068446,134.60000000000218,19.150000000001455,567.0000152587891,660.9162443788596,369.3999938964844,-1152.4296297454998,314.54998779296875,-95.17135620117188,1.0,2024
2024-12-20,20250102,2.0644079302014418,1.7876702004722562,528.4500000000007,-382.9500000000007,591.9499816894531,702.3542744076212,377.1499938964844,-1292.4642008234991,313.6000061035156,-13032.8896484375,1.0,2024
2024-12-23,20250102,0.8348919574993122,1.0563415739388828,222.34999999999854,-0.75,446.75,-2198.12507720375,244.64999389648438,1591.4352105603746,261.95001220703125,-5356.5517578125,1.0,2024
2024-12-24,20250102,0.9002340608558191,0.8968086993992189,182.5,-108.75,400.0500030517578,-3910.379992065765,218.8000030517578,3142.2556559464383,237.89999389648438,-6064.66552734375,1.0,2024
2024-12-26,20250102,1.0107968737410389,0.8161618199702503,200.90000000000146,8.950000000000728,357.8999938964844,866.2474464546237,162.3000030517578,-1093.3369800460619,141.60000610351562,-617.635986328125,-1.0,2024
2024-12-27,20250102,1.0569743806476468,0.6520114424142421,138.25,-113.75,324.3000030517578,-3918.4786875615077,143.1999969482422,2150.187516480563,142.3000030517578,767.79541015625,-1.0,2024
2024-12-30,20250102,0.8691346287163044,1.1340259471752734,316.0499999999993,-130.10000000000218,247.95000457763672,1196.22227078311,83.3499984741211,-1912.1900251240936,129.6999969482422,-3428.216552734375,1.0,2024
2024-12-31,20250102,0.9887416558732588,0.7701812191103665,229.39999999999782,117.10000000000218,270.0,3275.1692365794934,101.29999923706055,-2399.144861572078,158.64999389648438,1900.13916015625,1.0,2024
2025-01-01,20250102,0.9713343786434993,0.9106455750320281,260.0,106.20000000000073,250.29999542236328,1648.9984950828427,87.29999923706055,-1661.1372484605,147.1999969482422,4253.400390625,1.0,2025
2025-01-02,20250109,1.002310572862711,0.9739036857680887,475.15000000000146,328.2999999999993,450.8000030517578,2343.5966327233436,242.1500015258789,-2640.4651973234063,225.1999969482422,11083.98046875,1.0,2025
2025-01-03,20250109,1.3093459247305317,1.2668720857306588,220.45000000000073,-35.60000000000218,345.84999084472656,-2846.7788170734225,153.9499969482422,1964.668639391594,167.0,-1699.66455078125,-1.0,2025
2025-01-06,20250109,1.4109556556793905,1.5295667840912177,538.0499999999993,-427.4500000000007,311.34999084472656,14626.967261342828,137.35000228881836,-14830.572410017032,183.0,14647.3388671875,-1.0,2025
2025-01-07,20250109,1.2187850865306527,1.188195302843035,157.40000000000146,-38.5,290.54998779296875,-3531.7868293436104,124.20000076293945,2656.0668331428906,130.1999969482422,-2420.969482421875,1.0,2025
2025-01-08,20250109,0.9896191130447861,1.2681122707467565,255.6999999999971,26.350000000002183,163.1500015258789,-1484.3038461967808,38.14999961853027,215.90921313972638,81.1500015258789,-3518.7685546875,-1.0,2025
2025-01-09,20250116,0.7169924586350432,0.9381443298968984,186.45000000000073,-123.70000000000073,359.09999084472656,-257.3232440643144,162.4000015258789,-402.37078312671906,162.0,-294.71026611328125,-1.0,2025
2025-01-10,20250116,1.8670475201246506,1.5731686807774605,252.25,9.099999999998545,381.5,-4424.5438089880945,196.60000610351562,3182.9234171450626,207.6999969482422,-5401.36669921875,1.0,2025
2025-01-13,20250116,0.7061554720119027,0.8981570402890263,293.7000000000007,-172.15000000000146,317.6999969482422,-3348.3619311237894,142.0500030517578,963.666616600844,178.6999969482422,-8789.974609375,1.0,2025
2025-01-14,20250116,0.6247220591635917,0.7196492700900273,130.79999999999927,35.14999999999782,216.1500015258789,-1963.5672376570783,68.70000076293945,778.6782729565311,129.10000610351562,-1877.837890625,1.0,2025
2025-01-15,20250116,0.7735596248325136,1.0205765196690777,147.20000000000073,-20.75,145.5999984741211,-2773.754880179469,31.0,569.912700705789,65.5,-2292.064697265625,1.0,2025
2025-01-16,20250123,0.7250201992997619,0.7029893254914801,119.60000000000218,10.200000000000728,345.25,1646.9136799444054,165.9000015258789,-1833.6409377963437,159.4499969482422,656.7944946289062,-1.0,2025
2025-01-17,20250123,0.9184554084574219,1.1776893555906027,191.75,-14.899999999997817,339.90000915527344,-1269.437150562233,157.5999984741211,473.2928678063437,194.25,-3235.05859375,1.0,2025
2025-01-20,20250123,1.0147383935150855,1.300129824147264,220.4499999999971,97.40000000000146,313.4499969482422,-958.6633068723909,124.79999542236328,278.86127346321825,162.6999969482422,3682.036376953125,1.0,2025
2025-01-21,20250123,1.381304951411374,0.8743774211399974,449.4500000000007,-194.8000000000029,314.1499938964844,-3430.246707946329,140.1999969482422,2529.896559579484,167.35000610351562,-1519.9697265625,-1.0,2025
2025-01-22,20250123,0.5784659218714975,0.5809108527131863,188.25,73.5,185.8499984741211,-4134.97271847307,51.39999961853027,1442.0420448151874,68.25,-3453.299560546875,-1.0,2025
2025-01-23,20250130,1.0999031173419975,1.102431834929964,180.14999999999782,-18.850000000002183,385.65000915527344,-856.4515141331249,198.85000610351562,234.67677797162628,209.5500030517578,-1327.4205322265625,1.0,2025
2025-01-24,20250130,1.2408772889282842,1.1055738339461993,297.2999999999993,-44.400000000001455,388.59999084472656,-4474.218875081578,205.45000457763672,3328.139514335969,184.0500030517578,-5843.666015625,1.0,2025
2025-01-27,20250130,0.7196736883276711,0.9122674473510471,220.54999999999927,-63.599999999998545,349.9499969482422,-3431.52451773233,160.1500015258789,2313.044934293875,179.9499969482422,-2341.820556640625,-1.0,2025
2025-01-28,20250130,0.8515974470793035,0.9379008884876786,280.2999999999993,87.75,330.25,-2039.485616362858,151.0999984741211,1758.5257887184064,193.0500030517578,-2575.828369140625,1.0,2025
2025-01-29,20250130,0.9078781729703288,0.8771023207742048,206.84999999999854,100.94999999999709,306.6499938964844,-111.41280798103162,116.25,-133.02495277228138,161.25,499.26641845703125,1.0,2025
2025-01-30,20250206,1.2152640775604613,0.714636714636701,182.84999999999854,-25.049999999999272,675.5999755859375,-4750.390774318411,469.54998779296875,3726.7111804736246,309.54998779296875,-3123.91259765625,-1.0,2025
2025-01-31,20250206,0.9369496301514524,0.737303307264676,269.3999999999978,147.15000000000146,610.0500183105469,-5654.897766776966,408.1499938964844,5275.007592896187,324.3999938964844,1112.9764404296875,1.0,2025
2025-02-01,20250206,0.8754841863788625,1.1167074399194283,314.15000000000146,-93.20000000000073,462.84999084472656,-12921.38620853372,274.1499938964844,10603.833345137813,254.75,-11496.8076171875,1.0,2025
2025-02-03,20250206,0.9484020023103706,1.0296760406042071,159.59999999999854,111.90000000000146,264.7000045776367,-83.06146264843744,88.70000076293945,28.563251591859057,131.10000610351562,5.453033447265625,1.0,2025
2025-02-04,20250206,0.8003121646668572,0.9202019955599958,339.59999999999854,208.90000000000146,276.9499969482422,-3904.346651936796,107.1500015258789,1621.9886285340936,161.6999969482422,-10521.3740234375,-1.0,2025
2025-02-05,20250206,0.6373119318517882,0.5676920790607752,126.84999999999854,-44.599999999998545,161.5999984741211,122.37930074722692,28.90000057220459,-90.73002851290227,74.30000305175781,342.9516906738281,-1.0,2025
2025-02-06,20250213,1.2297195446070859,1.3300007574036297,217.29999999999927,-41.55000000000291,400.79998779296875,-2019.4245339467052,217.3000030517578,1362.4420309948127,171.0,-385.84466552734375,-1.0,2025
2025-02-07,20250213,0.9656594823141432,1.2014678334060724,251.29999999999927,37.150000000001455,348.6499938964844,-3592.361576295437,155.0999984741211,2531.5617013231877,147.5,-3131.1396484375,-1.0,2025
2025-02-10,20250213,1.6602443223743535,1.6799674681034926,252.29999999999927,7.349999999998545,308.70001220703125,-2332.2942053685315,135.00000381469727,1467.868879810954,138.0,-2410.829833984375,-1.0,2025
2025-02-11,20250213,0.9345757801182291,0.9175829522234054,403.3999999999978,-190.0,239.3499984741211,1628.0670028269735,80.5,-2114.5774644119533,103.4000015258789,7217.837890625,-1.0,2025
2025-02-12,20250213,2.209964135350075,2.0201327487815135,346.3500000000022,197.9499999999971,221.0999984741211,2248.4971848947353,66.75000190734863,-794.5293330648675,111.19999694824219,3003.98388671875,1.0,2025
2025-02-13,20250220,1.457946646285979,1.2611948889144786,243.29999999999927,-138.40000000000146,377.8000030517578,-791.6904901366565,197.8000030517578,606.6016207277501,202.3000030517578,-5954.82177734375,1.0,2025
2025-02-14,20250220,0.8962255796241518,1.158610583197858,358.8500000000022,-143.64999999999782,341.09999084472656,-610.5419449810711,160.14999389648438,-646.152193263594,164.5,-489.78448486328125,-1.0,2025
2025-02-17,20250220,1.0619720814439342,1.3744850284241223,248.75,183.29999999999927,334.59999084472656,854.5366341014897,158.8000030517578,-1674.921773045905,209.39999389648438,1900.5103759765625,1.0,2025
2025-02-18,20250220,0.8918204856305761,1.112107221300813,191.0,73.20000000000073,290.09999084472656,-3086.10766453622,118.45000076293945,2315.138813096859,145.39999389648438,-4778.50146484375,-1.0,2025
2025-02-19,20250220,1.2821464552733588,0.8496732026143791,235.10000000000218,-91.39999999999782,217.3499984741211,-2375.64947470252,64.19999885559082,1365.1399714449062,109.75,-5488.734375,1.0,2025
2025-02-20,20250227,0.5957179500601889,0.7380607814761015,111.09999999999854,28.150000000001455,349.3999938964844,-1926.086594351687,172.0,1098.4128240113118,193.9499969482422,-797.2330322265625,1.0,2025
2025-02-21,20250227,1.1603201378171861,0.7221580303972978,200.70000000000073,35.75,345.6499938964844,-4071.2592332518357,162.0500030517578,2988.736717577251,188.0,-2537.672119140625,1.0,2025
2025-02-24,20250227,0.755782348712013,0.9383180079199822,149.25,-23.200000000000728,253.64999389648438,-3107.207529207133,86.1500015258789,1733.8387368955623,100.0,-1847.5428466796875,-1.0,2025
2025-02-25,20250227,0.6712706696891415,0.7313699241410162,111.39999999999782,-24.849999999998545,150.25,-2126.5783089723514,24.5,251.62170480989067,53.70000076293945,-844.9651489257812,-1.0,2025
2025-02-27,20250306,0.5907696672044764,0.7019196268388953,104.89999999999782,5.099999999998545,287.84999084472656,-232.34958573062517,119.9000015258789,-403.920245222375,126.55000305175781,-724.1203002929688,-1.0,2025
2025-02-28,20250306,1.650465960279393,1.8037194712077078,345.5,-160.45000000000073,275.4500045776367,1903.8525161436166,110.4000015258789,-1754.504861567375,122.5999984741211,4241.873046875,-1.0,2025
2025-03-03,20250306,1.754676145061667,1.1386706307071504,256.84999999999854,54.79999999999927,271.0,-1315.942278735804,99.4000015258789,826.9465365384377,152.8000030517578,1766.151123046875,1.0,2025
2025-03-04,20250306,0.8502412210660842,0.8831650612313732,140.45000000000073,16.849999999998545,201.8000030517578,-748.2800707404065,54.79999923706055,44.58397475368753,109.1500015258789,-1830.10302734375,1.0,2025
2025-03-05,20250306,1.3254974393417998,1.538656206503873,327.1000000000022,111.25,167.29999542236328,2608.043175909495,33.79999923706055,-849.9931042109845,89.0,3100.71484375,1.0,2025
2025-03-06,20250313,1.5976957250492294,1.5729971533143376,310.6000000000022,182.14999999999782,330.65000915527344,2712.4489299284223,151.75,-2064.485930864282,164.6999969482422,6235.62353515625,1.0,2025
2025-03-07,20250313,0.8751390090201487,0.8331085507302115,169.04999999999927,-70.25,298.1999969482422,-2012.5223440809923,124.10000228881836,849.7693838088281,140.85000610351562,-1014.4664916992188,-1.0,2025
2025-03-10,20250313,1.1048901158552553,1.214855142912676,247.70000000000073,-167.84999999999854,247.8000030517578,2214.7943934112454,85.75,-1766.0687744488594,122.5,5747.24609375,-1.0,2025
2025-03-11,20250313,0.6797771621662625,0.6224503476145811,207.39999999999782,78.04999999999927,230.8000030517578,-213.11434221121056,72.04999923706055,335.0797187598282,111.80000305175781,1236.4129638671875,1.0,2025
2025-03-12,20250313,1.000923592304455,1.007658361862572,247.85000000000218,32.900000000001455,161.3499984741211,-2247.964747772922,32.249999046325684,408.258258490371,74.55000305175781,-2858.780029296875,-1.0,2025
2025-03-13,20250320,0.5911177752701208,0.7469771257789054,180.70000000000073,-143.90000000000146,279.0500030517578,-163.71212140996056,109.45000076293945,-1209.8497062757028,124.0999984741211,1646.6025390625,-1.0,2025
2025-03-17,20250320,1.2659598910296288,1.5748963883954936,192.84999999999854,12.25,233.39999389648438,-483.09434771263966,71.39999961853027,-130.4893752506016,97.4000015258789,-1450.2430419921875,-1.0,2025
2025-03-18,20250320,1.0032080282964595,0.831952733587506,258.59999999999854,92.60000000000218,223.4000015258789,-957.2663742291322,58.25,716.3033621911406,129.25,2110.22021484375,1.0,2025
2025-03-19,20250320,0.5242724781417103,0.6472922079229763,132.75,8.700000000000728,164.95000457763672,-308.7293136151334,27.600000381469727,-297.0905797843984,102.0,-421.102783203125,1.0,2025
2025-03-20,20250327,0.6484772632457092,0.635538799353668,242.75,161.4499999999971,307.3999938964844,854.6075727733737,131.0500030517578,-829.8361144470932,175.6999969482422,3541.659423828125,1.0,2025
2025-03-21,20250327,0.969235691312924,1.2162190715659325,269.90000000000146,88.09999999999854,261.49999237060547,1471.4279112565532,94.85000228881836,-1204.0465356327022,139.0,2487.06494140625,1.0,2025
2025-03-24,20250327,0.8622395033937144,0.7145373536421189,275.25,103.60000000000218,271.9499969482422,1941.7907698632646,94.95000076293945,-1996.4338846496096,160.39999389648438,4858.1865234375,1.0,2025
2025-03-25,20250327,1.377083368371463,1.0994699353983803,268.1999999999971,-146.40000000000146,276.3999938964844,-3990.397133813383,102.60000228881836,2384.9580221392653,118.19999694824219,400.45391845703125,-1.0,2025
2025-03-26,20250327,0.8076923076923038,0.771195718282438,284.7999999999993,-194.29999999999927,176.6999969482422,3336.937060683204,43.5,-1309.5032854170627,89.0,5298.8388671875,-1.0,2025
2025-03-27,20250403,1.362683784095979,1.2204107386375063,234.25,-4.400000000001455,341.34999084472656,-1557.9797916012199,155.45000457763672,582.4992230267818,140.9499969482422,-962.05419921875,-1.0,2025
2025-03-28,20250403,0.7943330149633884,0.9883145177262868,199.0,-3.650000000001455,296.8000030517578,-4944.406842530258,130.3000030517578,3271.084630503563,164.60000610351562,-7241.44677734375,1.0,2025
2025-04-01,20250403,1.420603622994882,1.7584597432905786,428.75,-307.25,196.6999969482422,9029.782245523247,57.5,-5329.6652407995625,87.8499984741211,6853.03955078125,-1.0,2025
2025-04-02,20250403,0.8497132532013557,1.041682718237161,191.54999999999927,82.29999999999927,173.5500030517578,-1545.6773623716126,40.20000076293945,317.01540870166417,85.55000305175781,-987.9857788085938,1.0,2025
2025-04-03,20250409,0.890764793116382,1.0396811644429067,160.70000000000073,-22.94999999999709,325.4499969482422,-1267.4091434364989,147.3000030517578,350.81233959024996,173.89999389648438,-3434.416259765625,1.0,2025
2025-04-04,20250409,1.7785501973459796,1.4106272838002416,357.25,-70.90000000000146,284.0,-3133.932918882054,116.0,1309.054851024344,135.4499969482422,-429.5384826660156,-1.0,2025
2025-04-07,20250409,2.829701244155629,3.394167522147447,510.34999999999854,225.34999999999854,590.1000061035156,8656.303460572815,389.5,-7997.4524004168725,289.0,-4349.28271484375,-1.0,2025
2025-04-08,20250409,1.1884433716269454,0.857078441234107,426.3500000000022,139.1999999999971,321.1499938964844,4136.758949852719,158.14999771118164,-3222.024848743453,194.4499969482422,-7784.8662109375,-1.0,2025
2025-04-09,20250417,0.6568231089236678,0.7648783853717358,115.45000000000073,-10.799999999999272,591.0,1556.2728700031553,392.75,-2109.557303001749,304.25,1651.290771484375,1.0,2025
2025-04-11,20250417,0.9828523630280224,1.047263550812247,213.95000000000073,3.2999999999992724,477.0500030517578,1684.5965665670935,286.3500061035156,-1876.8221533193764,222.0,-1561.337158203125,-1.0,2025
2025-04-15,20250417,0.8222924784942242,0.9571081367884138,150.09999999999854,21.25,230.5,-3070.258499288304,71.70000076293945,1112.4813485887032,107.25,-676.4765625,-1.0,2025
2025-04-16,20250417,0.5665345245843446,0.5688867680141867,179.15000000000146,114.0,137.0,2762.0805431463987,30.649999618530273,-1349.0096593971796,98.5999984741211,-3802.06640625,-1.0,2025
2025-04-17,20250424,0.8049462333781965,0.7396505399346234,573.7999999999993,488.5499999999993,390.1999969482422,17375.72993931008,208.85000610351562,-14570.219209442623,202.5500030517578,19969.52734375,1.0,2025
2025-04-21,20250424,0.949587037956398,0.9330771806757421,285.8999999999978,107.5,311.6499938964844,-2276.5361586799304,143.75,1887.237875248094,157.0,1739.348876953125,1.0,2025
2025-04-22,20250424,0.7846435759560133,0.9050610820244464,170.59999999999854,-36.650000000001455,204.5999984741211,-973.3527212093204,58.55000114440918,329.4629341695234,99.8499984741211,-1476.79931640625,1.0,2025
2025-04-23,20250424,1.003506799047094,0.6502419105788715,239.34999999999854,103.59999999999854,172.8499984741211,-1950.0037136099236,47.30000114440918,278.4662564196565,89.9000015258789,-4913.0146484375,-1.0,2025
2025-04-24,20250430,0.6281235966449731,0.6997800398997304,131.6999999999971,-47.89999999999782,387.34999084472656,-467.2417539865778,194.5,-174.04387435381187,170.0,1014.8037109375,-1.0,2025
2025-04-25,20250430,2.4314632397066775,1.2234309333979188,517.6000000000022,16.299999999999272,395.75,-4022.117079222203,221.9499969482422,2848.8983164181245,191.75,-5009.68359375,-1.0,2025
2025-04-28,20250430,1.215940835908719,1.1654425327833142,301.0499999999993,54.099999999998545,227.45000457763672,-1092.6429702404914,85.20000076293945,243.1076222401718,117.80000305175781,-3606.29248046875,-1.0,2025
2025-04-29,20250430,0.8959871158233882,1.0173024117510856,166.90000000000146,1.2999999999992724,162.25,-3959.4074372168006,41.89999961853027,951.4268666173595,63.900001525878906,-1116.0125732421875,-1.0,2025
2025-04-30,20250508,0.6704503262080386,0.628945105229861,197.40000000000146,-25.899999999997817,457.6999969482422,414.12252979070377,252.39999389648438,-1109.7306180325008,217.1999969482422,-778.0260620117188,-1.0,2025
2025-05-02,20250508,1.5352725203560604,1.6206845311803562,350.65000000000146,-231.79999999999927,382.5,-286.81810809485137,189.3000030517578,-552.6017231587186,178.89999389648438,4866.826171875,-1.0,2025
2025-05-05,20250508,0.5749395962692461,0.4906319466497301,125.75,-26.099999999998545,248.6999969482422,-3533.4064499523906,90.20000076293945,1496.6850375303904,144.25,-4606.08544921875,1.0,2025
2025-05-06,20250508,0.695556686396884,0.5909606026265019,177.85000000000218,-7.899999999997817,150.25,266.26851094360137,42.30000114440918,-956.3343884525156,62.04999923706055,1363.2215576171875,-1.0,2025
2025-05-07,20250508,1.2316440248367166,1.554686574238645,229.59999999999854,130.5,163.1500015258789,-784.0498163994296,48.25000190734863,312.1310601917579,60.79999923706055,-1059.4073486328125,1.0,2025
2025-05-08,20250515,0.38625598618270934,0.484212252932006,297.0499999999993,-91.29999999999927,388.3999938964844,9070.296402025218,193.29999542236328,-9303.071909161843,205.35000610351562,-1944.7039794921875,1.0,2025
2025-05-09,20250515,1.187678628135914,1.3892908827785837,215.04999999999927,-45.30000000000291,514.1999969482422,-3525.712011620783,312.3500061035156,2464.441161674564,240.0,-4915.345703125,1.0,2025
2025-05-12,20250515,2.1176678810047123,1.8909590261282676,565.9500000000007,226.95000000000073,345.9499969482422,9338.37854000615,156.9499969482422,-7998.629790701813,177.5500030517578,11393.9814453125,1.0,2025
2025-05-13,20250515,1.6801893171061575,2.110702151755386,426.2999999999993,-179.09999999999854,393.09999084472656,-5021.572793351876,193.25,3799.2661687452187,208.3000030517578,-1570.6490478515625,-1.0,2025
2025-05-14,20250515,0.9465428166073261,1.0869745598167906,232.0,-104.40000000000146,215.0500030517578,725.2635097337895,59.5,-384.18236671839827,103.94999694824219,-4394.4755859375,1.0,2025
2025-05-15,20250522,1.1328708644610432,1.1135335117100988,621.7999999999993,500.9500000000007,437.90000915527344,12092.791807428395,234.9499969482422,-11092.693623393625,224.25,11241.3896484375,1.0,2025
2025-05-16,20250522,0.49312917157440556,0.5683807529326972,116.95000000000073,-1.25,373.65000915527344,-1300.3843513590775,184.1500015258789,679.8672237386563,176.8000030517578,-2779.506103515625,-1.0,2025
2025-05-19,20250522,0.4865211641943546,0.6072986974783143,146.29999999999927,-98.44999999999709,329.3000030517578,-204.46296767790648,145.35000610351562,-125.8400684305314,171.8000030517578,1542.550537109375,-1.0,2025
2025-05-20,20250522,0.7783780920599456,0.6336432020497126,340.6499999999978,-207.79999999999927,262.3000030517578,1512.5064876188942,98.20000076293945,-806.4515625745003,143.4499969482422,-7249.71337890625,1.0,2025
2025-05-21,20250522,0.9431732161117646,0.8270176838186263,260.8500000000022,-85.75,271.3500061035156,-2072.416378544519,97.54999923706055,1236.5362743458595,136.75,-6690.8173828125,1.0,2025
2025-05-22,20250529,1.0278338886119864,1.3046301383547383,275.09999999999854,-1.6000000000021828,427.25,-1596.24193389875,227.25,887.875137955,184.89999389648438,-2091.621337890625,-1.0,2025
2025-05-23,20250529,1.1077965218524182,1.1000869761298846,295.0,61.60000000000218,415.3999938964844,-504.87809500859237,214.3499984741211,-67.92339888321908,225.9499969482422,-2704.01708984375,1.0,2025
2025-05-26,20250529,0.9065428857690041,0.9799996847862107,178.70000000000073,-14.049999999999272,413.6000061035156,-777.9886874264683,211.6500015258789,281.70070227490635,208.25,-1806.557373046875,-1.0,2025
2025-05-27,20250529,1.2866144069511578,1.3351105187159746,358.8000000000029,64.34999999999854,416.0500030517578,-3096.285670478859,213.1500015258789,2076.536259276437,236.1999969482422,-3143.5810546875,1.0,2025
2025-05-28,20250529,0.6517881150847035,0.7604348030680961,127.20000000000073,-7.799999999999272,304.4499969482422,-6207.435101480485,120.30000305175781,3617.9774153217186,143.39999389648438,-3898.222412109375,1.0,2025
2025-05-29,20250605,0.5989165055944242,0.6972837627967421,215.29999999999927,48.75,447.84999084472656,-3265.510478842828,246.09999084472656,2560.105326624687,199.4499969482422,-3591.531982421875,-1.0,2025
2025-05-30,20250605,0.45913205173781446,0.5299539170506963,146.54999999999927,-12.400000000001455,428.6999969482422,-1690.0621852514382,227.1500015258789,1124.4747813386564,204.0,-1779.7479248046875,-1.0,2025
2025-06-02,20250605,1.1071423406747427,1.2731354452481787,228.25,150.70000000000073,397.40000915527344,3654.2331985106252,198.75,-3700.890362566687,216.25,2629.760009765625,1.0,2025
2025-06-03,20250605,1.3780629115676981,1.5623698292159296,342.9499999999971,-165.59999999999854,431.65000915527344,-10179.65367659753,229.24999237060547,8202.968088988406,231.5,-11647.078125,1.0,2025
2025-06-04,20250605,0.45068108700116016,0.4654996108118019,113.79999999999927,34.04999999999927,181.3499984741211,-1681.5796740293204,51.400001525878906,266.62528437490636,93.0999984741211,-446.0670166015625,1.0,2025
2025-06-05,20250612,0.8468023794918705,0.8966599417171056,286.75,28.649999999997817,373.6999969482422,264.88329176856183,180.0,-859.2340941383127,167.4499969482422,-1564.919189453125,-1.0,2025
2025-06-06,20250612,0.8137894428070447,0.48888331399540425,358.0499999999993,248.90000000000146,343.5500030517578,5511.655601674952,152.8499984741211,-5065.145589268814,174.14999389648438,7739.65869140625,1.0,2025
2025-06-09,20250612,0.3777616341181962,0.4329301141094044,66.29999999999927,-12.950000000000728,303.6499938964844,-2833.3708735553764,120.20000076293945,1518.7641816562032,140.60000610351562,-2040.4720458984375,1.0,2025
2025-06-10,20250612,0.8941724941724861,1.0009045365989357,143.84999999999854,-55.25,214.3000030517578,-2158.0307065662105,59.19999885559082,532.1590332735469,97.05000305175781,-34.70684051513672,-1.0,2025
2025-06-11,20250612,0.5069944338344619,0.5080788956085548,141.10000000000218,-10.30000000000291,141.5,91.49625952375004,24.34999942779541,-341.6986447369884,91.75,-1996.172607421875,1.0,2025
2025-06-12,20250619,0.8866396761133712,0.7332216043269624,370.2999999999993,-216.54999999999927,351.5500030517578,2320.07084617635,157.29999542236328,-2835.106987032219,166.89999389648438,7111.568359375,-1.0,2025
2025-06-13,20250619,1.0176546078873492,1.1362657161881902,246.25,81.15000000000146,379.8999938964844,-1406.1114506756735,187.4000015258789,698.1879821449063,195.3000030517578,-306.8710021972656,1.0,2025
2025-06-16,20250619,0.7770132170595652,0.8735112779075794,263.5,159.10000000000218,272.04998779296875,3585.6897936663895,99.4000015258789,-2725.5912655413435,138.1999969482422,4868.7900390625,1.0,2025
2025-06-17,20250619,0.917223302612656,0.9113183536249566,168.34999999999854,-37.14999999999782,222.25,-807.3186553105946,68.64999961853027,-32.465164571171954,94.0999984741211,1340.0029296875,-1.0,2025
2025-06-18,20250619,1.1587560263461516,1.2616954385436414,197.09999999999854,-107.05000000000291,186.14999389648438,59.020717296022326,40.25,-584.2697800439687,79.5,2540.34619140625,-1.0,2025
2025-06-19,20250626,0.8507742045261187,0.769886258382434,129.6999999999971,-33.599999999998545,361.6999969482422,1599.6708739863593,171.25,-1879.4551582803756,171.3000030517578,1231.81201171875,-1.0,2025
2025-06-20,20250626,0.9450411493932213,0.7506424763146674,352.5499999999993,157.35000000000218,331.4499969482422,2101.955791836508,142.3499984741211,-2093.2104225102817,174.10000610351562,3841.457763671875,1.0,2025
2025-06-23,20250626,1.1700412112524654,1.020834977507683,232.15000000000146,112.04999999999927,298.1499938964844,788.5013602939683,116.85000228881836,-583.7478789007346,155.60000610351562,2709.415771484375,1.0,2025
2025-06-24,20250626,0.9538566872668872,0.8819425062796428,318.0,-194.70000000000073,240.10000610351562,1062.5151416707783,76.14999771118164,-987.3702444845934,147.14999389648438,-8040.35888671875,1.0,2025
2025-06-25,20250626,0.6260771824653383,0.5613801980609315,141.75,55.349999999998545,171.5999984741211,-1964.807277728621,34.85000038146973,201.35073612299226,98.19999694824219,-38.61248779296875,1.0,2025
2025-06-26,20250703,1.3529177038402367,1.104575857309687,305.3999999999978,164.84999999999854,383.5500030517578,-2189.2607550318053,188.0999984741211,1377.8033549734064,181.39999389648438,-7112.73876953125,-1.0,2025
2025-06-27,20250703,0.7331394594995159,0.8333333333333397,130.65000000000146,67.90000000000146,319.3999938964844,-1854.4743185627883,118.44999694824219,1181.0300745276872,155.25,1170.404541015625,1.0,2025
2025-06-30,20250703,0.9258201779431396,0.7548748849275848,196.04999999999927,-74.20000000000073,267.1999969482422,-753.7080774422421,90.0,-155.63009931059406,117.0999984741211,1265.6282958984375,-1.0,2025
2025-07-01,20250703,0.6010722645926326,0.6641614961111602,91.60000000000218,9.200000000000728,211.5,-2517.126373290953,55.79999923706055,1039.605090376734,83.5999984741211,-1710.434326171875,-1.0,2025
2025-07-02,20250703,0.7651746900660068,0.7049226706903058,229.34999999999854,-50.79999999999927,161.1999969482422,-1551.4342950930902,26.100000381469727,89.91831210299227,73.5,1429.01953125,-1.0,2025
2025-07-03,20250710,1.0415874096469926,1.012598499504547,203.15000000000146,-132.5,321.90000915527344,66.19203551556444,136.4000015258789,-417.50074673906227,142.1999969482422,3280.486328125,-1.0,2025
2025-07-04,20250710,0.7108278199128799,0.8444359244704519,138.59999999999854,59.29999999999927,296.6499938964844,-1559.199078128383,112.5,532.1938231421245,164.1999969482422,686.0863647460938,1.0,2025
2025-07-07,20250710,0.6818791946308664,0.7874090854894397,82.54999999999927,29.5,242.14999389648438,-1177.0876244003762,74.6500015258789,139.43821553321908,115.19999694824219,-812.4002075195312,-1.0,2025
2025-07-08,20250710,0.5887179487179487,0.6791292001893032,123.89999999999782,78.45000000000073,193.75,499.82611240180063,45.45000076293945,-517.4031977700467,89.4000015258789,-3287.756103515625,-1.0,2025
2025-07-09,20250710,0.48533017671430984,0.5193787054730743,124.35000000000218,-50.45000000000073,141.5500030517578,-548.8500481303626,22.199999809265137,-213.7160196859258,71.4000015258789,-2225.48828125,1.0,2025
2025-07-10,20250717,1.0353282306035667,0.9161398656657433,183.59999999999854,-56.650000000001455,310.3000030517578,-2579.66509620767,126.29999923706055,1416.5148791984213,146.4499969482422,-281.29443359375,-1.0,2025
2025-07-11,20250717,0.6719054450463636,0.7762331173007532,193.45000000000073,-89.95000000000073,249.45000457763672,-178.28415347623474,81.39999771118164,-601.3078704311096,104.0,1750.5279541015625,-1.0,2025
2025-07-14,20250717,0.9634302351228303,1.1173070036322408,149.14999999999782,-36.25,227.3000030517578,-1624.3661755930552,67.89999771118164,320.6403260233439,90.1500015258789,-1632.7149658203125,-1.0,2025
2025-07-15,20250717,0.595477553546551,0.6908223709515985,156.75,91.95000000000073,172.29999542236328,517.8138879475895,37.05000019073486,-253.35220780685938,93.4000015258789,1557.291748046875,1.0,2025
2025-07-16,20250717,0.8314340413893797,0.9613914876795475,134.25,67.70000000000073,126.1500015258789,-355.7118712477776,18.449999809265137,-108.04093380728511,71.5,-3573.5849609375,-1.0,2025
2025-07-17,20250724,0.7453827417409555,0.6683508155307677,137.34999999999854,-42.54999999999927,281.9499969482422,-1733.1373108737894,104.9000015258789,972.6328155124063,135.3000030517578,-1698.9630126953125,1.0,2025
2025-07-18,20250724,1.353383458646592,1.1412661360631953,225.9499999999971,12.80000000000291,284.3500061035156,-2197.813942876171,105.0,871.2251169146246,132.89999389648438,-2923.13427734375,-1.0,2025
2025-07-21,20250724,1.8213837691788168,1.7390328103511448,229.10000000000218,34.75,219.8499984741211,-2211.23440487932,64.95000076293945,816.7573864422345,134.6999969482422,-964.9224243164062,1.0,2025
2025-07-22,20250724,0.918926647919564,1.0249031543995453,146.45000000000073,-59.150000000001455,163.0500030517578,-2244.4588711099605,32.39999961853027,577.2269344145077,73.94999694824219,-1795.2080078125,-1.0,2025
2025-07-23,20250724,0.6241059088814949,0.618222470653991,148.0,117.64999999999782,120.54999923706055,2258.8570167721623,13.75,-452.87157431375,80.4000015258789,4352.642578125,1.0,2025
2025-07-24,20250731,0.8918475733620387,0.7581471266955471,227.54999999999927,-98.54999999999927,254.5999984741211,-665.8136516171178,85.04999923706055,-199.99985311723452,111.8499984741211,2603.212890625,-1.0,2025
2025-07-25,20250731,0.9284016257253102,1.0198366394398877,188.5,-22.25,260.1499938964844,-1599.0158732339776,90.14999771118164,377.60495776101504,122.9000015258789,-528.8853759765625,-1.0,2025
2025-07-28,20250731,1.2526310385543467,1.4332285823372315,242.60000000000218,-191.0,232.39999389648438,1119.7661772667657,71.79999923706055,-941.6958615476718,100.0,2016.961181640625,-1.0,2025
2025-07-29,20250731,1.3223608075093571,1.3146893469799708,248.5500000000029,165.60000000000218,197.75,2663.6864859187062,53.900001525878906,-766.4399853470661,96.5999984741211,-5737.783203125,-1.0,2025
2025-07-30,20250731,0.7841661649608477,0.8819297503173739,130.34999999999854,1.9500000000007276,140.1999969482422,-1866.7863054953368,22.699999809265137,214.32096748071868,66.0999984741211,-2748.9990234375,-1.0,2025
2025-07-31,20250807,0.9507665840206558,1.058204037957947,321.5,83.79999999999927,319.6000061035156,59.02541590052493,153.14999389648438,-524.9997363404382,182.39999389648438,1982.93603515625,1.0,2025
2025-08-01,20250807,0.9024842799711325,0.9935879248709057,249.10000000000218,-206.1999999999971,299.34999084472656,2507.138437760983,117.3499984741211,-2705.577311287297,156.1999969482422,-6300.3544921875,1.0,2025
2025-08-04,20250807,1.1955765215374041,1.2158365261813886,182.25,90.75,272.1499938964844,-1963.932399698829,97.0999984741211,1056.343945875531,145.3000030517578,1460.139404296875,1.0,2025
2025-08-05,20250807,1.4186158485593132,1.173934949336609,142.79999999999927,17.599999999998545,216.1500015258789,-2877.267603509281,59.95000076293945,1463.3747260760938,101.55000305175781,-776.7837524414062,1.0,2025
2025-08-06,20250807,0.8984690753215061,0.607343080136313,132.20000000000073,-60.25,156.1999969482422,-569.6280505059922,25.350000381469727,-229.17914919825773,62.25,-516.6332397460938,-1.0,2025
2025-08-07,20250814,0.7983426079834516,0.9096149095600448,290.0499999999993,121.90000000000146,288.1000061035156,524.037779431687,109.54999923706055,-650.3200427569066,132.25,-5098.69970703125,-1.0,2025
2025-08-08,20250814,1.4526264113893104,0.9885469849592915,248.0,-93.54999999999927,278.7000045776367,-1174.7251612229916,100.85000228881836,113.23131660942227,128.89999389648438,1747.0364990234375,-1.0,2025
2025-08-11,20250814,0.7685734630904439,0.8881696244891382,253.39999999999782,161.8000000000029,245.89999389648438,1316.3404349244142,87.95000076293945,-264.24718953787476,129.64999389648438,4034.926513671875,1.0,2025
2025-08-12,20250814,1.6537952604354513,1.30669787139196,236.9499999999971,-153.04999999999927,190.0999984741211,343.06158505523365,45.0,-100.49890419927755,98.5999984741211,2002.1790771484375,-1.0,2025
2025-08-13,20250814,0.7233993815141528,0.697207915424229,129.29999999999927,41.599999999998545,149.29999542236328,-2118.955248137664,28.449999809265137,408.79130997492973,51.29999923706055,-1975.520263671875,-1.0,2025
2025-08-14,20250821,0.6288873531444378,0.6574603873239467,76.75,-9.900000000001455,290.4499969482422,-981.6503378267355,112.70000076293945,261.7821665099532,118.5,-400.94891357421875,-1.0,2025
2025-08-18,20250821,1.275029514572105,1.3146160198183532,169.15000000000146,-116.44999999999709,262.8500061035156,-3333.179606990367,88.1500015258789,1726.0473795049063,105.0,510.9007568359375,-1.0,2025
2025-08-19,20250821,0.5793205728321822,0.6356128539889271,138.70000000000073,55.10000000000218,176.0500030517578,-81.86033199106191,33.85000038146973,-155.2649484918319,80.69999694824219,1701.3709716796875,1.0,2025
2025-08-20,20250821,0.6502744345172093,0.6220329717754631,159.0,46.14999999999782,137.3499984741211,-1525.6209296993204,15.749999523162842,-28.800363616974636,74.5,496.4555358886719,1.0,2025
2025-08-21,20250828,0.8990055469491496,1.0586712175601403,98.75,-39.05000000000291,267.34999084472656,-2109.3006243567265,94.4000015258789,1203.1804163634376,141.0500030517578,-2411.2578125,1.0,2025
2025-08-22,20250828,1.3766220950313337,1.5484875573113468,225.6999999999971,-59.05000000000291,235.8499984741211,-775.5238765721177,71.9000015258789,-77.98475255862502,98.4000015258789,732.7620849609375,-1.0,2025
2025-08-25,20250828,0.7223748253096312,0.6546908404364705,127.20000000000073,37.5,181.75,-779.1695532952973,38.80000019073486,257.12656176649614,97.25,-139.5858917236328,1.0,2025
2025-08-26,20250828,1.593298531018603,1.8161814488828811,230.0500000000029,-97.80000000000291,143.1500015258789,447.00861644097245,24.550000190734863,-379.27995263350385,85.0,-3201.01123046875,1.0,2025
2025-08-28,20250902,1.8602769713986624,2.1580589063405844,221.0500000000029,-61.150000000001455,243.5500030517578,-1323.3260794845146,80.3499984741211,803.3310360332971,133.8000030517578,-4945.38525390625,1.0,2025
2025-08-29,20250902,0.9242689788764602,1.0328613693998314,167.75,-76.25,202.4499969482422,-1751.9429991531947,47.10000038146973,259.7177544520702,111.0,-4590.1875,1.0,2025
2025-09-01,20250902,0.8496746946695516,0.8246182806944375,167.79999999999927,108.85000000000218,136.0,2470.135651388505,14.399999618530273,-644.484359407422,70.5999984741211,2968.48779296875,1.0,2025
2025-09-02,20250909,1.061502272363951,0.6772782374953871,233.75,-138.90000000000146,261.40000915527344,1063.2714935757738,103.29999923706055,-878.518166165438,148.6999969482422,-5501.6865234375,1.0,2025
2025-09-03,20250909,0.8791704238052299,1.0405549626467427,203.84999999999854,126.5,236.5500030517578,1486.1611457309923,70.54999923706055,-1253.2125096775626,132.8000030517578,4742.22802734375,1.0,2025
2025-09-04,20250909,1.229342365483856,1.319995709075297,262.09999999999854,-149.04999999999927,210.6999969482422,482.4703979091565,57.25,-556.6117495028279,104.5999984741211,4427.88671875,-1.0,2025
2025-09-05,20250909,1.4361217422999666,0.604483161585018,210.75,88.14999999999782,200.79999542236328,-96.56522773556594,50.85000038146973,75.18082016024988,81.80000305175781,-3335.370849609375,-1.0,2025
2025-09-08,20250909,0.7714424735701393,0.9255672018044392,133.95000000000073,-40.04999999999927,128.99999618530273,-1663.0025420496254,15.550000190734863,-163.96396852589453,64.3499984741211,-827.735595703125,-1.0,2025
2025-09-09,20250916,0.4927043553122385,0.5040770941437952,77.79999999999927,46.25,282.8499984741211,-1452.4135305150637,113.20000076293945,997.7557603722346,158.1999969482422,-825.92041015625,1.0,2025
2025-09-10,20250916,0.5458143494868882,0.6065036688056759,120.65000000000146,-29.049999999999272,246.60000610351562,-2147.583442787063,77.0,807.5564859473907,128.10000610351562,-2570.46240234375,1.0,2025
2025-09-11,20250916,0.6396281231841885,0.7553384201569895,97.14999999999782,34.55000000000291,198.1500015258789,-680.3632669639836,47.79999923706055,154.47034077515616,72.5999984741211,-1487.9554443359375,-1.0,2025
2025-09-12,20250916,0.5048335123523162,0.5831101085577424,101.40000000000146,49.30000000000291,165.85000228881836,-20.51515508124237,26.550000190734863,-402.09245417543355,88.5999984741211,262.30804443359375,1.0,2025
2025-09-15,20250916,0.6774041910982528,0.6491920597506776,89.70000000000073,-21.5,117.9000015258789,-2208.168291033031,11.450000286102295,-125.83561824077151,60.29999923706055,-1209.124267578125,1.0,2025
2025-09-16,20250923,1.1023427256759541,0.7957680384517023,190.95000000000073,73.85000000000218,274.9499969482422,128.9482773330551,96.5999984741211,-494.53543879865634,156.85000610351562,1428.5623779296875,1.0,2025
2025-09-17,20250923,0.6697245406923124,0.7819267236334189,71.15000000000146,20.450000000000728,220.14999389648438,312.63451673146835,60.0,-613.327366096578,125.19999694824219,-180.95254516601562,1.0,2025
2025-09-18,20250923,0.551734487157056,0.6423621221827661,119.20000000000073,19.650000000001455,183.3499984741211,-981.6061788519692,38.04999923706055,208.4125604078748,100.69999694824219,-709.2596435546875,1.0,2025
2025-09-19,20250923,1.3247831007167157,1.232103363985546,142.45000000000073,12.649999999997817,164.5999984741211,-1214.8907788046176,29.549999237060547,145.7642357216913,71.0999984741211,-2510.041259765625,-1.0,2025
2025-09-22,20250923,1.1832512315271109,1.2715529669569186,180.65000000000146,-115.0,120.89999771118164,382.72587952664435,12.800000190734863,-535.3554727537891,45.150001525878906,4204.05517578125,-1.0,2025
2025-09-25,20250930,0.8823529411764621,1.0400866738894827,214.40000000000146,-148.60000000000218,194.0500030517578,436.1243927198908,46.70000076293945,-739.1427897415155,76.1500015258789,2548.305419921875,-1.0,2025
2025-09-26,20250930,1.1499619652178312,1.3692298082328527,239.14999999999782,-129.84999999999854,178.0,2119.7343356119054,46.25,-1249.8038708972813,60.849998474121094,5063.12841796875,-1.0,2025
2025-09-29,20250930,1.037299992169334,1.0423190203069226,185.09999999999854,-152.64999999999782,137.10000228881836,1017.0473678070616,19.09999942779541,-799.1119728058477,47.75,1387.6954345703125,-1.0,2025
2025-09-30,20251007,1.024013320498454,1.0698723693562795,144.09999999999854,-44.5,301.8500061035156,-3080.267144104921,120.95000457763672,2220.905294976625,112.30000305175781,-1250.120849609375,-1.0,2025
2025-10-01,20251007,0.9253958667051662,0.993141289437599,262.0,171.54999999999927,225.79999542236328,4015.3252103653867,62.70000076293945,-2296.091853161734,127.1500015258789,6064.890625,1.0,2025
2025-10-03,20251007,1.141635658301022,1.331732545253071,157.25,92.54999999999927,166.10000610351562,488.7248901709877,31.100000381469727,-15.932179540296715,107.25,2345.47509765625,1.0,2025
2025-10-06,20251007,0.9713000642535571,0.8146399055489897,214.29999999999927,106.89999999999782,115.75,4371.526741397347,11.349999904632568,-794.2695614620527,73.8499984741211,6753.8984375,1.0,2025
2025-10-07,20251014,1.3983450880213435,0.8881609444049855,144.60000000000218,-80.0,250.60000610351562,-2410.2705889505764,83.0,1234.8220387226092,98.5,238.4511260986328,-1.0,2025
2025-10-08,20251014,1.2449711862563895,1.4289279920129803,184.0,-102.85000000000218,213.5,-334.26209231779734,56.75,-278.64747652260934,81.69999694824219,2731.01611328125,-1.0,2025
2025-10-09,20251014,1.0120646962752158,0.9733453129679546,174.95000000000073,130.15000000000146,201.25,1423.7088971051487,50.89999961853027,-559.4763917889999,126.75,1814.74169921875,1.0,2025
2025-10-10,20251014,1.3256841615629154,1.3335300191768698,173.90000000000146,-2.150000000001455,174.5500030517578,-1965.2213526312105,33.04999923706055,554.6037221674375,119.8499984741211,-1696.7952880859375,1.0,2025
2025-10-13,20251014,0.8990623276337728,1.0310819747548972,115.0,38.650000000001455,147.9499969482422,-2392.1272451708437,22.25,308.2671877486407,64.0,-3168.108154296875,-1.0,2025
2025-10-14,20251020,1.3197195226965068,0.8464179188473975,249.79999999999927,-43.599999999998545,300.6999969482422,-2739.339649845695,118.9000015258789,1579.031678674469,131.4499969482422,-923.27490234375,-1.0,2025
2025-10-15,20251020,1.035321035321059,1.2100615616034134,205.8000000000029,77.45000000000073,230.8000030517578,1415.8188088465429,65.75,-794.3894952502186,166.4499969482422,2344.6611328125,1.0,2025
2025-10-16,20251020,0.7245477542838195,0.6991710296684363,248.5500000000029,138.0,190.1999969482422,3466.1064904599607,43.55000114440918,-1681.2876457142029,117.3499984741211,5976.39306640625,1.0,2025
2025-10-17,20251020,1.604410227164748,1.2600360478453474,272.90000000000146,44.39999999999782,192.5,-945.4428792799999,35.0,509.2664102163593,103.6500015258789,-350.1850280761719,1.0,2025
2025-10-20,20251028,1.24174312960751,1.2331447305801098,137.70000000000073,9.75,325.54998779296875,-2769.0373275153675,139.25,1891.6246327827187,173.3000030517578,-1517.0594482421875,1.0,2025
2025-10-23,20251028,0.9530698978207617,1.1228676311811694,241.75,-217.0,258.3000030517578,-778.6728783237105,85.3499984741211,-230.08443638721144,91.4000015258789,5103.77978515625,-1.0,2025
2025-10-24,20251028,0.9543282484837572,1.129141863056913,225.95000000000073,-33.85000000000218,219.5,-2080.1217016811015,60.89999961853027,768.506267233367,120.5999984741211,-3288.38720703125,1.0,2025
2025-10-27,20251028,1.3629378168222528,1.2843887351456724,178.95000000000073,-7.099999999998545,194.55000686645508,-3600.705039244085,32.19999885559082,783.7978151576249,114.4000015258789,-3358.666748046875,1.0,2025
2025-10-28,20251104,1.3855152705840468,1.1968276856524744,231.65000000000146,48.55000000000291,385.9499969482422,-3983.2957134836406,191.5,2853.169742088156,160.9499969482422,-3305.281005859375,-1.0,2025
2025-10-29,20251104,0.5667024046561491,0.6907035041868868,137.54999999999927,65.54999999999927,305.84999084472656,487.8479084470235,122.14999771118164,-622.0448358377349,188.5,199.6138916015625,1.0,2025
2025-10-30,20251104,1.242362977938718,1.2583530933390754,186.79999999999927,-51.900000000001455,275.8999938964844,-2713.392744169336,90.54999923706055,1564.2314868159688,163.5,-3541.553466796875,1.0,2025
2025-10-31,20251104,1.1488034206680007,1.3962244140417939,242.54999999999927,-135.34999999999854,221.70000457763672,-1604.8567346428426,58.099998474121094,246.90858015362502,90.55000305175781,2007.0526123046875,-1.0,2025
2025-11-03,20251104,0.9972168700492431,0.9684917355371846,157.59999999999854,55.25,176.6999969482422,-1347.65133719934,35.39999961853027,392.79509316446496,123.9000015258789,-2566.128173828125,1.0,2025
2025-11-04,20251111,0.872941377250641,0.9679433805162317,209.0,-85.25,316.1999969482422,-2516.833890507688,129.4000015258789,1453.633591052468,126.1500015258789,1451.59130859375,-1.0,2025
2025-11-06,20251111,1.1615861424811258,0.9435365947512916,187.60000000000218,-29.75,248.1999969482422,-2952.9117583736406,79.04999923706055,1618.4191742411876,95.1500015258789,-1064.225830078125,-1.0,2025
2025-11-07,20251111,1.0873515615095048,1.3066551557778456,232.79999999999927,161.54999999999927,189.6500015258789,3649.6724620768205,43.400001525878906,-2015.4903757926602,109.5,4738.00732421875,1.0,2025
2025-11-10,20251111,0.970824844042082,0.9302677355921917,149.95000000000073,-41.69999999999709,143.3000030517578,-1874.7106555645585,17.199999809265137,147.49653691992972,64.5,-1509.28759765625,1.0,2025
2025-11-11,20251118,1.2579428738098406,1.4912500626786,266.5499999999993,190.79999999999927,335.1000061035156,3198.632720265481,144.4000015258789,-2964.7332134641097,126.0999984741211,-5734.431640625,-1.0,2025
2025-11-12,20251118,0.6876767176438938,0.6901477832512231,153.39999999999782,43.25,277.5499954223633,-137.28854029046124,99.0999984741211,-337.16226699300046,174.64999389648438,403.76995849609375,1.0,2025
2025-11-13,20251118,0.8144684021023677,0.9789096697174468,202.29999999999927,-7.350000000002183,253.60000610351562,611.2602992197817,84.29999923706055,-1082.3961293309844,151.85000610351562,-285.79791259765625,1.0,2025
2025-11-14,20251118,0.9598420566243782,1.109854445318667,199.40000000000146,126.94999999999709,258.5499954223633,-1954.535243944762,87.19999694824219,1035.200339028039,152.10000610351562,-450.59844970703125,1.0,2025
2025-11-17,20251118,0.615610267155584,0.712515641484919,117.85000000000218,46.75,163.5500030517578,-1750.232076166359,24.25,251.65680745096483,74.25,-2566.6533203125,-1.0,2025
2025-11-18,20251125,1.2412954106887903,0.9744178659564295,153.34999999999854,-8.350000000002183,348.8500061035156,-2135.7125961502184,156.54999542236328,1363.4521618682184,204.5500030517578,-1270.549072265625,1.0,2025
2025-11-19,20251125,0.8349732326117603,0.762791155759106,218.45000000000073,90.75,289.0500030517578,1261.6058727770935,94.04999923706055,-982.3703500312649,141.8000030517578,2924.79833984375,1.0,2025
2025-11-20,20251125,0.6265329833469552,0.7310888503929043,183.45000000000073,95.75,262.1500015258789,441.5506588351244,87.79999923706055,-467.0137798975625,148.14999389648438,3770.204345703125,1.0,2025
2025-11-21,20251125,0.8157647521464513,0.7940904893813425,127.0,10.299999999999272,229.54999542236328,-1478.6391250124545,55.0,713.0038195633127,121.30000305175781,-1648.318359375,1.0,2025
2025-11-24,20251125,0.6399894579636186,0.6417058258804523,230.64999999999782,-153.45000000000073,156.4000015258789,677.3194977785771,14.84999942779541,-1076.409904436418,77.8499984741211,-4256.00634765625,1.0,2025
2025-11-25,20251202,0.9026540790879849,0.838684719535779,175.09999999999854,-132.6999999999971,329.1999969482422,-2874.4014494264384,139.6500015258789,1895.3240802843122,140.64999389648438,809.2196655273438,-1.0,2025
2025-11-26,20251202,1.8977438136826732,1.4308250512699137,325.40000000000146,119.10000000000218,282.59999084472656,303.8748236500302,92.94999694824219,-783.1835498757348,181.89999389648438,1469.9852294921875,1.0,2025
2025-11-27,20251202,0.8708395319404029,0.8999324920807822,168.54999999999927,-69.79999999999927,234.0999984741211,-1647.7876972272663,65.0,1128.4424987054372,95.8499984741211,1040.18359375,-1.0,2025
2025-11-28,20251202,0.8349561297945287,0.8600328609570792,108.34999999999854,-34.400000000001455,196.54999542236328,-1998.2641718054613,37.85000038146973,512.6219880875312,121.6500015258789,-3228.6201171875,1.0,2025
2025-12-01,20251202,0.5060805533861529,0.5176015877990509,195.70000000000073,-103.85000000000218,145.3499984741211,768.7424129753299,14.450000286102295,-381.6185567604863,59.099998474121094,2872.7392578125,-1.0,2025
2025-12-02,20251209,0.9137501154307672,0.8420190995907026,156.75,-28.450000000000728,312.9499969482422,-2538.8457263184923,124.8499984741211,1540.6438342805309,114.80000305175781,-336.77056884765625,-1.0,2025
2025-12-03,20251209,1.573802541544484,1.5925987113828177,175.45000000000073,76.34999999999854,274.6499938964844,-855.8591675110317,95.4000015258789,192.8578368505623,113.69999694824219,-3238.738525390625,-1.0,2025
2025-12-04,20251209,0.9561860906074255,0.9745649263721592,159.29999999999927,-9.899999999997817,225.6999969482422,-1620.3962725248907,63.150001525878906,801.988651714797,129.0500030517578,-1256.214599609375,1.0,2025
2025-12-05,20251209,1.0686079252798772,0.8207655835632853,217.25,82.29999999999927,191.3000030517578,-855.4028835748559,37.35000038146973,242.30862612009776,115.25,1973.63037109375,1.0,2025
2025-12-08,20251209,1.0146395359543503,0.7357398732433191,286.4500000000007,-131.20000000000073,142.1500015258789,3113.3573470505703,14.449999809265137,-1365.5137950045996,52.04999923706055,5637.2978515625,-1.0,2025
2025-12-09,20251216,1.5040265823661303,1.523756288429285,195.65000000000146,5.849999999998545,298.5500030517578,-2439.464681997312,106.89999771118164,1505.6080917659533,182.9499969482422,-2458.325439453125,1.0,2025
2025-12-10,20251216,0.8224522110287478,0.9484408420578642,213.10000000000218,-166.04999999999927,248.9499969482422,2525.4414759170145,69.6500015258789,-1643.6398852187344,108.30000305175781,3408.815185546875,-1.0,2025
2025-12-11,20251216,1.047982975997081,1.226267589903946,229.54999999999927,82.75,239.49999237060547,-914.5886961073453,72.80000114440918,582.8262974053124,131.14999389648438,844.2540283203125,1.0,2025
2025-12-12,20251216,0.6841567291312076,0.8356453223837851,119.14999999999782,41.0,184.1999969482422,-1917.8937619679414,36.10000038146973,475.314129925383,84.69999694824219,-3493.0537109375,-1.0,2025
2025-12-15,20251216,0.9476020903667525,1.0988014620463056,142.40000000000146,58.25,143.0,-923.5208920268007,13.449999809265137,12.830845241574195,58.04999923706055,966.8470458984375,1.0,2025
2025-12-16,20251223,0.9259343768539354,0.8842929010620295,146.40000000000146,-57.45000000000073,283.4500045776367,-2392.4112366937347,102.4000015258789,1292.1861455711564,124.94999694824219,-218.36422729492188,-1.0,2025
2025-12-17,20251223,0.9809772472957973,0.8312598959511416,158.8000000000029,-35.95000000000073,248.1999969482422,-1522.4461879625396,76.5,582.3072368916872,102.30000305175781,-874.250732421875,-1.0,2025
2025-12-18,20251223,0.9375508401701498,0.9583722973164768,176.04999999999927,-7.05000000000291,221.3000030517578,-1762.076845050913,51.0,612.1712167225,119.19999694824219,-1970.0654296875,1.0,2025
2025-12-19,20251223,0.8254565476736805,0.9936944037833553,112.89999999999782,19.399999999997817,179.20000457763672,-2134.3839513629914,33.20000076293945,494.4976754889218,107.0,-1511.5040283203125,1.0,2025
2025-12-22,20251223,0.8658088235294199,0.9983752591181795,132.90000000000146,41.14999999999782,126.50000381469727,-1726.3117996016247,9.649999856948853,-118.07252913336424,56.79999923706055,-317.4009094238281,1.0,2025
2025-12-24,20251230,0.8074192809708983,0.971296347308661,113.40000000000146,-77.70000000000073,197.9000015258789,-2013.432574634281,35.10000038146973,313.9754680915664,85.0,1037.9605712890625,-1.0,2025
2025-12-26,20251230,0.704297035941945,0.7073336351290159,135.60000000000218,-49.400000000001455,143.8499984741211,-698.9596449912697,17.5,-201.79074408114067,54.900001525878906,435.54510498046875,-1.0,2025
2025-12-29,20251230,0.7857090275562458,0.7188548808123414,186.5,-84.10000000000218,106.44999694824219,-57.11868525474216,5.700000047683716,-444.23176086536625,45.5,2297.967041015625,-1.0,2025
2025-12-30,20260106,0.7728823616674216,0.9076918609715875,98.75,-18.900000000001455,247.75000762939453,-2042.8937482461952,75.4000015258789,969.2601648953437,161.5,-1833.70166015625,1.0,2025
2025-12-31,20260106,0.5773700305810388,0.6540801462397521,218.95000000000073,124.84999999999854,209.50000762939453,3669.3561453814973,49.10000038146973,-2508.237437874094,116.80000305175781,4969.15283203125,1.0,2025
2026-01-01,20260106,0.5045413713943419,0.532747811515886,84.14999999999782,5.19999999999709,174.0,-1201.2308220204459,26.350000381469727,277.6495885401406,75.69999694824219,-533.498291015625,-1.0,2026
2026-01-02,20260106,1.6384660266270255,1.6083080599209618,221.59999999999854,70.79999999999927,151.0999984741211,-325.5094119597664,22.09999942779541,-3.4037901555625467,98.94999694824219,669.0255737304688,1.0,2026
2026-01-05,20260106,0.9788763347726159,1.131906242525728,163.15000000000146,-111.04999999999927,117.55000305175781,2390.3411423248385,11.950000286102295,-557.7681587552344,75.94999694824219,-4892.333984375,1.0,2026
2026-01-06,20260113,1.3521288837744487,1.110946789316428,149.20000000000073,-56.599999999998545,248.64999389648438,-2376.294652043383,68.29999923706055,1180.5539435410783,104.0,27.977645874023438,-1.0,2026
2026-01-07,20260113,0.7411243752751281,0.7184443409408569,119.25,-11.950000000000728,214.4499969482422,-2049.455840521141,54.10000038146973,788.2367119981016,75.44999694824219,-754.3988037109375,-1.0,2026
2026-01-08,20260113,0.9274511402864886,1.0146074254412925,274.75,-162.5500000000029,181.0,2624.844600260655,36.39999961853027,-1920.6255476042422,84.4000015258789,6643.82177734375,-1.0,2026
2026-01-09,20260113,1.3323161594420039,1.4889470799585878,317.59999999999854,-172.40000000000146,188.25,1878.6379376331993,40.60000038146973,-1684.6290535465705,77.19999694824219,6966.87451171875,-1.0,2026
2026-01-12,20260113,1.865538010743947,2.0779063793780925,339.75,200.45000000000073,158.5999984741211,5616.237007162585,28.90000057220459,-2141.1376574926835,74.94999694824219,-4892.19384765625,-1.0,2026
2026-01-13,20260120,2.051559680329986,2.1694315164320654,296.5,8.150000000001455,317.1999969482422,-3363.269695788999,135.9000015258789,2267.627071332188,171.9499969482422,-4164.3544921875,1.0,2026
2026-01-14,20260120,1.2097249508840986,1.2157362470515098,187.79999999999927,-26.049999999999272,261.25,-812.7885090086013,83.4000015258789,269.64755322556226,139.6999969482422,-3530.725830078125,1.0,2026
2026-01-16,20260120,1.0798464304806172,0.690941054257767,211.09999999999854,-144.84999999999854,227.8499984741211,128.06563256392292,63.44999885559082,-343.42797160099207,136.35000610351562,-6522.25146484375,1.0,2026
2026-01-19,20260120,1.4387478193448398,1.3379716350013353,158.95000000000073,60.20000000000073,163.14999389648438,-2461.6635643436803,28.649999618530273,825.604358086789,88.8499984741211,-554.066162109375,1.0,2026
2026-01-20,20260127,1.443728685108009,1.374053799209004,413.65000000000146,-247.75,312.5,3815.929448495804,127.70000076293945,-3863.6694261572807,139.0500030517578,9332.3212890625,-1.0,2026
2026-01-21,20260127,1.3580843282036983,1.5124113020979928,381.15000000000146,4.049999999999272,303.5,402.04876323220265,123.29999542236328,-885.0794962328749,128.4499969482422,-57.83404541015625,-1.0,2026
2026-01-22,20260127,1.1970993017669052,1.2261546496878661,267.25,-43.849999999998545,270.7000045776367,-2738.8776775238834,100.70000076293945,1735.553115773109,122.55000305175781,-2416.15185546875,-1.0,2026
2026-01-23,20260127,0.8698330290164529,0.9654734580260991,322.65000000000146,-200.25,230.59999084472656,1120.018944548824,66.10000038146973,-1211.279726222906,103.44999694824219,6929.49072265625,-1.0,2026
2026-01-27,20260203,2.0082765868932055,2.0894869801787674,314.1000000000022,-1.75,561.0,-4839.166574786311,334.3500061035156,3884.623390659939,261.79998779296875,-8445.88671875,-1.0,2026
2026-01-28,20260203,1.199901647405932,1.3243176010312085,184.4499999999971,77.64999999999782,469.0500030517578,-2474.614967724454,265.65000915527344,1967.7788388590627,257.95001220703125,-907.3179931640625,1.0,2026
2026-01-29,20260203,1.5922283616923607,1.3208698304789208,298.3500000000022,211.60000000000218,412.8999938964844,2195.3825934184615,215.4499969482422,-2077.1770857400315,205.1999969482422,8285.76953125,1.0,2026
2026-01-30,20260203,0.7930135657071165,0.7588361977956881,157.04999999999927,34.75,394.1000061035156,-610.4880224792657,199.5,140.70246925749996,187.0,-3668.424072265625,-1.0,2026
2026-02-01,20260203,0.7478068944877827,0.7518640396551004,869.1500000000015,-551.3000000000029,396.1000061035156,16786.99156792501,202.5,-14528.01948731943,216.3000030517578,-14696.85546875,1.0,2026
2026-02-02,20260203,1.587482323556976,1.5681943677526275,428.6999999999971,262.75,267.1999969482422,620.5870887641125,93.70000076293945,12.840556009140414,127.5,-8513.1767578125,-1.0,2026
2026-02-03,20260210,5.027656059191153,4.9578892747375445,699.9000000000015,-6.849999999998545,482.5500030517578,-8666.45517896011,273.3000030517578,6803.564493761937,250.3000030517578,-6261.12841796875,1.0,2026
2026-02-04,20260210,1.4034725397925814,1.4991588877527455,254.59999999999854,29.799999999999272,347.8000030517578,-1952.0764898082039,159.0999984741211,1100.2219860157495,175.39999389648438,-3135.052734375,-1.0,2026
2026-02-05,20260210,0.8276039507725726,0.7822941185763435,178.15000000000146,-36.14999999999782,291.4000015258789,-2161.355509705085,101.75,1003.1173758183745,123.94999694824219,-1244.26513671875,-1.0,2026
2026-02-06,20260210,0.7067553377668917,0.672729808034948,212.04999999999927,150.54999999999927,222.0999984741211,570.742740026335,65.19999694824219,-734.227341433672,106.94999694824219,-4870.47021484375,-1.0,2026
2026-02-09,20260210,0.7826363799952846,0.8692176426276289,141.34999999999854,50.89999999999782,162.3499984741211,-821.3837764038744,31.700000762939453,-440.36801360254685,83.19999694824219,-500.847900390625,1.0,2026
2026-02-10,20260217,0.5246127366609289,0.505891882804261,119.0,-37.95000000000073,302.34999084472656,-2237.784355204375,106.0,931.1697127183127,147.35000610351562,-2344.73779296875,1.0,2026
2026-02-11,20260217,0.5601192820570688,0.539861106746702,109.60000000000218,3.399999999997817,254.39999389648438,-1066.465090538383,83.8499984741211,85.57314334906226,127.30000305175781,-1551.798828125,1.0,2026
2026-02-12,20260217,0.4051863857374387,0.4548038658328596,139.89999999999782,-67.09999999999854,216.3000030517578,189.5995982011408,55.05000114440918,-319.71754471466386,97.69999694824219,1144.7750244140625,-1.0,2026
2026-02-13,20260217,0.6166869975455842,0.6910067025673823,186.04999999999927,-45.900000000001455,215.9000015258789,586.5914380244691,56.64999961853027,-845.687532781633,102.8499984741211,-2390.920654296875,1.0,2026
2026-02-16,20260217,1.0824977546122423,1.0126129640465518,324.2999999999993,129.75,175.54999542236328,2142.5471242117856,39.85000038146973,-1068.650711299945,90.94999694824219,5995.0751953125,1.0,2026
2026-02-17,20260224,0.6510841688039212,0.6086354785239503,194.10000000000218,34.14999999999782,327.40000915527344,-1275.1736154353275,144.25,786.8575617025,163.6999969482422,1019.4322509765625,1.0,2026
2026-02-18,20260224,0.6459224303200117,0.403862751803541,182.89999999999782,151.95000000000073,283.49999237060547,2112.426513117148,95.89999771118164,-1020.1828121596409,146.85000610351562,4717.7890625,1.0,2026
2026-02-19,20260224,0.8104641450900757,0.7287042465868172,496.5499999999993,-310.25,247.0500030517578,9681.781023825442,82.75,-7687.795922107875,122.6500015258789,12761.0,-1.0,2026
2026-02-20,20260224,0.8640963352658054,0.721488090228106,283.7999999999993,31.299999999999272,259.6500015258789,-378.18160316883495,95.85000228881836,-107.63160467454645,137.10000610351562,457.71728515625,1.0,2026
2026-02-23,20260224,0.8523838226430118,0.9732923738060528,162.10000000000218,-8.100000000002183,195.0999984741211,-2144.1028641999756,43.60000038146973,478.01753648571093,100.8499984741211,-2147.236083984375,-1.0,2026
2026-02-24,20260302,0.8957698917598992,1.0215063006068736,303.8000000000029,-81.59999999999854,384.6999969482422,-2249.3365118229854,186.5999984741211,1197.758020562969,168.3000030517578,430.8726501464844,-1.0,2026
2026-02-25,20260302,0.7553821353782083,0.598158455301307,224.39999999999782,-156.40000000000146,282.4000015258789,1827.9847388141718,107.4000015258789,-2031.9781989625935,116.55000305175781,5650.71875,-1.0,2026
2026-02-26,20260302,0.5245558072519505,0.5604160078704187,172.0,-60.29999999999927,253.9499969482422,-1306.0614858161407,87.79999923706055,550.6794983302655,114.80000305175781,-1812.1727294921875,-1.0,2026
2026-02-27,20260302,1.0404427151958742,0.8829337094499334,335.1000000000022,-129.39999999999782,227.4000015258789,-609.5725944364837,67.14999961853027,-362.7234446644609,117.0999984741211,2928.263427734375,-1.0,2026
2026-03-02,20260310,2.090544725815261,2.316306449084794,385.84999999999854,9.049999999999272,524.2999877929688,1621.801105369126,313.25,-2147.22482406875,229.39999389648438,504.6856689453125,-1.0,2026
2026-03-04,20260310,0.9621370431529679,1.0289698680169372,295.40000000000146,68.45000000000073,630.1999816894531,569.6714858544051,415.25,-967.3390604879992,320.5,312.1622314453125,1.0,2026
2026-03-05,20260310,0.8717193590298757,0.9498556360850673,324.3500000000022,135.34999999999854,462.6000061035156,-99.58679692331305,261.0500030517578,49.452543999061845,241.89999389648438,1802.3336181640625,1.0,2026
2026-03-06,20260310,0.71912623459015,0.7760423072192952,271.4499999999971,-245.45000000000073,425.59999084472656,4006.022889609733,238.75,-5122.258055492814,220.0,7714.50146484375,-1.0,2026
2026-03-09,20260310,1.919243734427676,2.173308715225204,380.3500000000022,288.2000000000007,439.6999969482422,4393.492188903799,252.29999542236328,-2833.410735940907,218.89999389648438,8673.29296875,1.0,2026
2026-03-10,20260317,1.5627072498167327,1.7023600546128372,223.84999999999854,61.45000000000073,624.2000122070312,-5005.30940221264,405.5500030517578,4145.0196751705635,334.75,1186.418212890625,1.0,2026
2026-03-11,20260317,1.2852005157087665,0.9563126100706324,464.7000000000007,-259.9500000000007,554.7000122070312,2190.4694418283134,357.25,-3471.514895776502,272.04998779296875,9253.7529296875,-1.0,2026
2026-03-12,20260317,0.923542272854303,1.0026640833131433,276.8500000000022,17.349999999998545,561.5499877929688,-3457.457890552124,365.6499938964844,2892.581176118126,296.95001220703125,-4485.2080078125,1.0,2026
2026-03-13,20260317,1.1714707456731006,0.5646843549862862,380.40000000000146,-161.40000000000146,496.4499969482422,-227.90864768828283,302.1000061035156,-1169.2762319033736,243.8000030517578,-8503.2763671875,1.0,2026
2026-03-16,20260317,1.1691199498903904,1.362582811673032,546.75,316.2000000000007,356.6999969482422,4397.64314090572,164.25,-3527.061639152234,180.5500030517578,-9760.1044921875,-1.0,2026
2026-03-17,20260324,1.163447591419187,0.9796554901821811,310.2000000000007,19.100000000002183,562.8999938964844,-3708.5431909640656,350.70001220703125,2981.0536344768743,291.25,-964.4141235351562,1.0,2026
2026-03-18,20260324,0.830120830730318,0.8591757761649184,243.79999999999927,69.55000000000291,450.25,-936.6602265119054,250.5500030517578,448.98892979806357,233.14999389648438,-709.1146850585938,1.0,2026
2026-03-19,20260324,1.1963278331493161,1.3976499690785351,448.3500000000022,-229.70000000000073,499.59999084472656,2265.6052870546114,307.0,-3554.5951906625,228.5500030517578,-7707.26708984375,1.0,2026
2026-03-20,20260324,1.2362265040362872,1.4149384589445186,277.5500000000029,-126.39999999999782,502.65000915527344,-1951.3297504415168,310.8999938964844,823.5663054436254,237.5,-6708.69384765625,1.0,2026
2026-03-23,20260324,1.6181537707423317,1.4162495312321712,380.4500000000007,-48.70000000000073,469.25,-5638.893030084642,279.5999984741211,4098.84649877103,238.0,-1301.454345703125,-1.0,2026
2026-03-24,20260330,1.2098340640435037,1.0555476853819226,433.09999999999854,151.59999999999854,705.1000061035156,-2515.2137301421235,509.3000030517578,1967.4004093215617,349.0,-9304.4150390625,-1.0,2026
2026-03-25,20260330,1.3443572623305096,1.3431272954598612,402.1499999999978,8.650000000001455,579.1499938964844,-2276.610347040437,365.34999084472656,1465.5995922941884,307.79998779296875,-4175.919921875,1.0,2026
2026-03-27,20260330,1.106358182468304,1.1345715116902195,381.5499999999993,-160.89999999999782,496.09999084472656,-5065.978408490267,302.34999084472656,3393.4079581663127,238.6999969482422,3184.567138671875,-1.0,2026
2026-03-30,20260407,1.2643335622384138,1.4504645113340577,430.25,-221.20000000000073,881.9500122070312,-7220.863213834247,671.0499877929688,5628.68436073525,434.25,3917.3076171875,-1.0,2026
2026-04-01,20260407,0.6585693663198718,0.7293187261724312,322.7000000000007,-195.35000000000218,615.9499816894531,-364.49834679059495,416.04998779296875,-779.6850009862517,299.6499938964844,3509.296142578125,-1.0,2026
2026-04-02,20260407,1.06521357004747,1.0505748428385338,599.75,559.9500000000007,613.2000122070312,9087.444620429502,412.8999938964844,-8334.957242888251,299.3999938964844,22052.958984375,1.0,2026
2026-04-06,20260407,1.227744373595825,1.2206004018437489,455.3999999999978,344.25,412.25,4490.9582475325,230.25,-5316.342304748783,192.89999389648438,-10458.3466796875,-1.0,2026
2026-04-07,20260413,1.0678497666947213,1.0579161816065192,434.5499999999993,168.34999999999854,719.1499938964844,-2191.3973396710317,517.9999847412109,1181.3161540206847,345.0,3150.9345703125,1.0,2026
2026-04-08,20260413,0.6628385969292218,0.631139454080092,196.65000000000146,81.65000000000146,456.5,-1401.8763149816082,255.39999389648438,883.9260410174373,234.5,384.14019775390625,1.0,2026
2026-04-09,20260413,1.1454748050018524,0.9998434185990154,307.9500000000007,-94.10000000000218,414.0,-2294.636850446608,228.95000457763672,1259.4142445384691,199.9499969482422,-4007.26123046875,1.0,2026
2026-04-10,20260413,0.7310561640759498,0.7141919007661572,217.70000000000073,33.69999999999709,305.84999084472656,-1283.3832761406252,121.85000228881836,444.5100104244841,164.3000030517578,457.64691162109375,1.0,2026
2026-04-13,20260421,0.7332307183473157,0.8653615181359733,351.8000000000029,163.45000000000073,620.3500061035156,1196.4119397097816,416.8000030517578,-1557.1418805676872,323.6000061035156,4756.65673828125,1.0,2026
2026-04-15,20260421,0.6954507431954291,0.8069887254536082,135.10000000000218,-35.150000000001455,449.6000061035156,-1052.655336542063,244.14999389648438,382.2900964561255,238.5,-2293.86328125,1.0,2026
2026-04-16,20260421,0.7038841207247563,0.6085762064023016,298.15000000000146,-109.25,384.90000915527344,-530.5591691862802,186.8000030517578,-97.85702133128052,205.1999969482422,2852.24658203125,-1.0,2026
2026-04-17,20260421,0.9583148674365818,0.8273184034622232,275.8500000000022,71.0,338.6999969482422,-1748.5867155723909,162.25,720.4923323691872,158.5,1799.053466796875,1.0,2026
2026-04-20,20260421,0.9337211880878191,1.0759217784725499,239.40000000000146,-16.75,272.1999969482422,-806.8346293769448,96.04999923706055,-163.98982570832777,124.9000015258789,-3214.097412109375,1.0,2026
2026-04-21,20260428,0.889441318853838,0.7786885245901551,246.79999999999927,72.95000000000073,504.45001220703125,-936.7751957460314,293.75,187.56771142087456,239.8000030517578,1491.819580078125,1.0,2026
2026-04-22,20260428,0.8458595421827348,0.5651523898337746,163.04999999999927,16.19999999999709,477.0500183105469,-2996.2477874197025,286.0,2036.2747813829374,218.4499969482422,-1961.5186767578125,1.0,2026
2026-04-23,20260428,0.9181924068524252,0.7455236525163847,175.40000000000146,-125.25,406.1999969482422,-1084.0127655003976,206.3000030517578,350.0465315451263,214.5,-28.713531494140625,-1.0,2026
2026-04-24,20260428,1.3834634127015655,1.3943566980880522,392.34999999999854,-66.20000000000073,349.4499969482422,-559.2885338829855,170.0500030517578,-339.60341050893726,168.39999389648438,1015.028076171875,-1.0,2026
2026-04-27,20260428,0.9098992687361369,0.8224369313644074,194.5,-4.950000000000728,213.6500015258789,-2229.0881208216324,55.89999961853027,731.6543494558671,107.5999984741211,-4870.5615234375,-1.0,2026
