expiry,cfg,entry_date,exit_date,dte,sessions_held,spot_in,spot_out,legs_marked_intrinsic,sc_k,sp_k,lc_k,lp_k,sc_d,sp_d,lc_d,lp_d,lc_is_outermost,lp_is_outermost,credit,exit_pnl_pts,max_profit_pts,max_dd_pts,call_width,put_width,gross,slip,stat,net,maxloss,h_sc_n,h_sc_pnl,h_sc_prem,h_sc_cost,h_sp_n,h_sp_pnl,h_sp_prem,h_sp_cost,h_pnl,h_prem,h_cost,h_n,year
20250102,0.25/0.05,2024-12-27,2025-01-02,6.24,5,23870.25,24159.95,0,24150,23600,24550,23050,0.267,-0.243,0.052,-0.047,0,0,108.69999980926514,80.7500001937151,94.74999955296516,-80.90000331401825,400,550,60562.50014528632,696.280851701865,340.9417754995635,59525.27751808489,330975.00014305115,0,0.0,0.0,0.0,3,3.0999984741210938,328.0,1101.4785134129427,3.0999984741210938,328.0,1101.4785134129427,3,2024
20250102,0.25/0.1,2024-12-27,2025-01-02,6.24,5,23870.25,24159.95,0,24150,23600,24400,23300,0.267,-0.243,0.101,-0.1,0,0,86.39999961853027,58.69999998807907,72.74999940395355,-58.300004959106445,250,300,44024.9999910593,753.1123654047972,348.7362272505821,42923.15139840392,160200.0002861023,0,0.0,0.0,0.0,3,3.0999984741210938,328.0,1101.4785134129427,3.0999984741210938,328.0,1101.4785134129427,3,2024
20250102,0.35/0.15,2024-12-27,2025-01-02,6.24,5,23870.25,24159.95,0,24050,23750,24300,23450,0.358,-0.359,0.155,-0.158,0,0,132.59999465942383,13.699991583824158,75.89999318122864,-65.50000715255737,250,300,10274.993687868118,785.7433645951916,469.4787691750963,9019.77155409783,125550.00400543213,1,-10.0,99.25,369.7022267456016,4,-30.350006103515625,678.0500030517578,2036.5741716482503,-40.350006103515625,777.3000030517578,2406.276398393852,5,2024
20250109,0.25/0.05,2025-01-03,2025-01-09,6.24,5,24083.3,23529.7,0,24400,23750,24850,23200,0.255,-0.235,0.048,-0.046,0,0,116.60000133514404,-105.44999562203884,43.95000123977661,-126.3999969959259,450,550,-79087.49671652913,1802.691080233072,415.6529795490488,-81305.84077631125,325049.99899864197,1,-10.0,66.4000015258789,1440.1152906069724,5,3.1500091552734375,653.4999847412109,1780.3798128156093,-6.8499908447265625,719.8999862670898,3220.4951034225815,6,2025
20250109,0.25/0.1,2025-01-03,2025-01-09,6.24,5,24083.3,23529.7,0,24400,23750,24650,23450,0.255,-0.235,0.109,-0.101,0,0,87.9000015258789,-132.74999541044235,30.000001907348633,-140.44999837875366,250,300,-99562.49655783176,2027.6544834361848,426.83283466187874,-102016.98387592983,159074.99885559082,1,-10.0,66.4000015258789,1440.1152906069724,5,3.1500091552734375,653.4999847412109,1780.3798128156093,-6.8499908447265625,719.8999862670898,3220.4951034225815,6,2025
20250109,0.35/0.15,2025-01-03,2025-01-09,6.24,5,24083.3,23529.7,0,24300,23900,24550,23600,0.334,-0.335,0.158,-0.157,0,0,129.3000030517578,-168.25000762939453,29.59999656677246,-169.25,250,300,-126187.5057220459,2808.918834832629,641.9943619704206,-129638.41891884894,128024.99771118164,1,-10.0,95.0999984741211,1953.6216721551823,5,31.650009155273438,1086.599998474121,2288.006973339664,21.650009155273438,1181.6999969482422,4241.628645494846,6,2025
20250116,0.25/0.05,2025-01-10,2025-01-16,6.24,5,23446.0,23299.65,0,23800,23150,24250,22550,0.235,-0.263,0.047,-0.053,0,0,121.70000076293945,121.10000075027347,121.40000076591969,-38.90000581741333,450,600,90825.0005627051,2665.846099527046,349.762927634853,87809.3915355432,358724.9994277954,1,26.900001525878906,64.8499984741211,1317.9064244854012,3,-4.200004577636719,329.50000762939453,3044.50123249259,22.699996948242188,394.3500061035156,4362.407656977992,4,2025
20250116,0.25/0.1,2025-01-10,2025-01-16,6.24,5,23446.0,23299.65,0,23800,23150,24050,22750,0.235,-0.263,0.101,-0.093,0,0,97.85000038146973,97.35000037029386,97.60000038146973,-42.500006675720215,250,400,73012.50027772039,3249.710996203473,357.9208756377191,69404.8684058792,226612.4997138977,1,26.900001525878906,64.8499984741211,1317.9064244854012,3,-4.200004577636719,329.50000762939453,3044.50123249259,22.699996948242188,394.3500061035156,4362.407656977992,4,2025
20250116,0.35/0.15,2025-01-10,2025-01-16,6.24,5,23446.0,23299.65,0,23650,23300,23950,22900,0.353,-0.363,0.146,-0.141,0,0,162.14999389648438,150.94999370723963,158.49999392032623,-47.6000075340271,300,400,113212.49528042972,3578.632282897619,467.1188140677042,109166.74418346438,178387.50457763672,1,17.650001525878906,115.1500015258789,1470.6310061449042,4,3.7499847412109375,652.8000030517578,4631.302857587423,21.399986267089844,767.9500045776367,6101.933863732327,5,2025
20250123,0.25/0.05,2025-01-17,2025-01-23,6.24,5,23199.05,23230.85,0,23500,22900,23950,22350,0.252,-0.236,0.047,-0.05,0,0,104.60000133514404,104.05000133812428,104.05000133812428,-51.4500036239624,450,550,78037.5010035932,1376.9471176695838,328.3770547084627,76332.17683121517,334049.99899864197,3,10.650009155273438,220.9499969482422,2099.204652201677,3,24.900001525878906,205.6999969482422,1460.7923554931112,35.550010681152344,426.6499938964844,3559.9970076947884,6,2025
20250123,0.25/0.1,2025-01-17,2025-01-23,6.24,5,23199.05,23230.85,0,23500,22900,23750,22600,0.252,-0.236,0.1,-0.101,0,0,81.10000038146973,80.65000039339066,80.65000039339066,-34.35000419616699,250,300,60487.50029504299,1608.8594781733004,336.416847619933,58542.22396924976,164174.9997138977,3,10.650009155273438,220.9499969482422,2099.204652201677,3,24.900001525878906,205.6999969482422,1460.7923554931112,35.550010681152344,426.6499938964844,3559.9970076947884,6,2025
20250123,0.35/0.15,2025-01-17,2025-01-23,6.24,5,23199.05,23230.85,0,23400,23050,23650,22750,0.338,-0.344,0.148,-0.156,0,0,125.10000038146973,124.50000038743019,124.50000038743019,-29.79999351501465,250,300,93375.00029057264,1460.0679419476096,420.8527981425694,91494.07955048246,131174.9997138977,3,24.800010681152344,299.5999984741211,1470.8980425204466,3,24.150001525878906,335.6499938964844,1426.8415624392514,48.95001220703125,635.2499923706055,2897.739604959698,6,2025
20250130,0.25/0.05,2025-01-24,2025-01-30,6.24,5,23241.3,23159.4,0,23550,22900,24000,22350,0.267,-0.238,0.054,-0.053,0,0,123.14999961853027,120.34999969601631,120.49999955296516,-61.750003814697266,450,550,90262.49977201223,1504.867548813987,354.2241372084814,88403.40808598977,320137.5002861023,1,10.950004577636719,72.94999694824219,365.8258076846822,4,-19.600013732910156,480.1000061035156,2753.8939518589955,-8.650009155273438,553.0500030517578,3119.719759543678,5,2025
20250130,0.25/0.1,2025-01-24,2025-01-30,6.24,5,23241.3,23159.4,0,23550,22900,23850,22550,0.267,-0.238,0.095,-0.095,0,0,102.14999961853027,99.39999969303608,99.69999973475933,-44.75000476837158,300,350,74549.99976977706,1611.7709805173502,361.36670908280723,72576.8620801769,185887.5002861023,1,10.950004577636719,72.94999694824219,365.8258076846822,4,-19.600013732910156,480.1000061035156,2753.8939518589955,-8.650009155273438,553.0500030517578,3119.719759543678,5,2025
20250130,0.35/0.15,2025-01-24,2025-01-30,6.24,5,23241.3,23159.4,0,23450,23100,23750,22700,0.348,-0.368,0.138,-0.144,0,0,165.10000228881836,147.25000303983688,155.70000226795673,-75.3000020980835,300,400,110437.50227987766,1301.155763511664,470.96283924363166,108665.38367712237,176174.99828338623,1,16.29999542236328,108.8499984741211,453.4983284527817,4,-12.550003051757812,851.9499969482422,2063.883024249041,3.7499923706054688,960.7999954223633,2517.3813527018224,5,2025
20250206,0.25/0.05,2025-01-31,2025-02-06,6.24,6,23359.25,23569.2,0,23900,22850,24700,22250,0.258,-0.253,0.05,-0.097,1,1,188.5499973297119,188.2999973371625,188.2999973371625,-0.6500053405761719,800,600,141224.99800287187,6262.564176649646,471.2017693724998,134491.23205684972,458587.50200271606,1,-10.0,126.44999694824219,1120.7898428581316,1,-10.399993896484375,130.39999389648438,4039.6966715176395,-20.399993896484375,256.84999084472656,5160.486514375771,2,2025
20250206,0.25/0.1,2025-01-31,2025-02-06,6.24,6,23359.25,23569.2,0,23900,22850,24400,22250,0.258,-0.253,0.097,-0.097,0,1,170.5999984741211,170.34999848157167,170.39999847859144,-0.6500053405761719,500,600,127762.49886117876,6839.523081007204,477.2614475586626,120445.71433261289,322050.0011444092,1,-10.0,126.44999694824219,1120.7898428581316,1,-10.399993896484375,130.39999389648438,4039.6966715176395,-20.399993896484375,256.84999084472656,5160.486514375771,2,2025
20250206,0.35/0.15,2025-01-31,2025-02-06,6.24,6,23359.25,23569.2,0,23700,23100,24200,22500,0.351,-0.355,0.147,-0.148,0,0,256.24999237060547,255.49999237805605,255.49999237805605,0.0,500,600,191624.99428354204,8930.059322030676,636.5442753887509,182058.39068612258,257812.5057220459,2,9.9000244140625,366.29998779296875,1229.2552332876521,0,0.0,0.0,0.0,9.9000244140625,366.29998779296875,1229.2552332876521,2,2025
20250213,0.25/0.05,2025-02-07,2025-02-13,6.24,5,23582.35,23030.4,0,23900,23300,24350,22700,0.264,-0.262,0.053,-0.049,0,0,129.85000228881836,-139.49998550489545,54.05000074952841,-288.49998623132706,450,600,-104624.98912867159,3923.4371353360066,448.88923334831134,-108997.3154973559,352612.49828338623,1,-6.3000030517578125,80.25,3222.812165077352,5,8.000015258789062,753.7999954223633,1934.9750753899384,1.70001220703125,834.0499954223633,5157.787240467291,6,2025
20250213,0.25/0.1,2025-02-07,2025-02-13,6.24,5,23582.35,23030.4,0,23900,23300,24200,22950,0.264,-0.262,0.095,-0.103,0,0,105.20000457763672,-156.19998340681195,32.350003242492676,-193.35001373291016,300,350,-117149.98755510896,4375.661753251243,465.6781789024879,-121991.3274872627,183599.99656677246,1,-6.3000030517578125,80.25,3222.812165077352,5,8.000015258789062,753.7999954223633,1934.9750753899384,1.70001220703125,834.0499954223633,5157.787240467291,6,2025
20250213,0.35/0.15,2025-02-07,2025-02-13,6.24,5,23582.35,23030.4,0,23800,23450,24100,23100,0.342,-0.368,0.137,-0.157,0,0,154.20000076293945,-186.70000534132123,34.14999771118164,-190.79998779296875,300,350,-140025.00400599092,6185.840541924313,674.4528157192032,-146885.29736363445,146849.9994277954,1,-4.9499969482421875,115.25,4511.434049538829,5,-1.9999847412109375,1209.4499969482422,2281.8932150979626,-6.949981689453125,1324.6999969482422,6793.327264636791,6,2025
20250220,0.25/0.05,2025-02-14,2025-02-20,6.24,5,23047.65,22902.2,0,23350,22750,23800,22250,0.261,-0.237,0.045,-0.049,0,0,112.45000457763672,111.75000457465649,112.00000458955765,-31.449997901916504,450,500,83812.50343099236,2535.631729710712,334.8950176816263,80941.97668360002,290662.49656677246,1,-10.0,75.30000305175781,1591.5353288488777,3,9.500007629394531,302.9000015258789,1628.8381731545255,-0.49999237060546875,378.2000045776367,3220.3735020034032,4,2025
20250220,0.25/0.1,2025-02-14,2025-02-20,6.24,5,23047.65,22902.2,0,23350,22750,23600,22450,0.261,-0.237,0.106,-0.096,0,0,87.55000495910645,86.95000495016575,87.20000496506691,-22.349998474121094,250,300,65212.50371262431,3065.9662505184187,343.40743129649877,61803.13003080939,159337.49628067017,1,-10.0,75.30000305175781,1591.5353288488777,3,9.500007629394531,302.9000015258789,1628.8381731545255,-0.49999237060546875,378.2000045776367,3220.3735020034032,4,2025
20250220,0.35/0.15,2025-02-14,2025-02-20,6.24,5,23047.65,22902.2,0,23250,22900,23500,22600,0.345,-0.346,0.157,-0.153,0,0,131.5,122.0500003695488,123.20000019669533,-22.499999046325684,250,300,91537.5002771616,3481.5631989277117,433.39220557274524,87622.54487266114,126375.0,1,-4.8000030517578125,109.55000305175781,1774.762942520565,3,20.500015258789062,476.74998474121094,1700.4054625806375,15.70001220703125,586.2999877929688,3475.1684051012026,4,2025
20250227,0.25/0.05,2025-02-21,2025-02-27,6.24,4,22833.15,22550.3,0,23150,22600,23500,22150,0.232,-0.258,0.054,-0.053,0,0,96.84999942779541,49.300000965595245,69.64999902248383,-22.149994373321533,350,450,36975.000724196434,1953.1089635718063,335.14759700410974,34686.74416362052,264862.50042915344,0,0.0,0.0,0.0,4,6.099998474121094,323.79999923706055,1101.4748352111167,6.099998474121094,323.79999923706055,1101.4748352111167,4,2025
20250227,0.25/0.1,2025-02-21,2025-02-27,6.24,4,22833.15,22550.3,0,23150,22600,23350,22300,0.232,-0.258,0.106,-0.094,0,0,77.35000038146973,29.85000190138817,51.15000009536743,-22.899993896484375,200,300,22387.501426041126,2189.7413837520307,341.7837887156169,19855.97625357348,166987.4997138977,0,0.0,0.0,0.0,4,6.099998474121094,323.79999923706055,1101.4748352111167,6.099998474121094,323.79999923706055,1101.4748352111167,4,2025
20250227,0.35/0.15,2025-02-21,2025-02-27,6.24,4,22833.15,22550.3,0,23000,22700,23250,22450,0.367,-0.341,0.16,-0.161,0,0,123.4000015258789,-23.700004547834396,37.90000033378601,-42.05000466108322,250,250,-17775.003410875797,3188.686326912493,466.53484422270924,-21430.224582010997,94949.99885559082,0,0.0,0.0,0.0,4,5.54998779296875,534.6000061035156,2135.0718129822035,5.54998779296875,534.6000061035156,2135.0718129822035,4,2025
20250306,0.25/0.05,2025-02-28,2025-03-06,6.24,5,22273.45,22498.35,0,22550,22050,22900,21650,0.243,-0.236,0.051,-0.054,0,0,82.55000352859497,80.20000353828073,80.20000353828073,-38.29999566078186,350,400,60150.002653710544,1552.452805384548,301.71233716136794,58295.837511164624,238087.49735355377,1,-9.050003051757812,55.900001525878906,298.9034678203312,3,5.099994659423828,220.8000030517578,1846.6423643918602,-3.9500083923339844,276.7000045776367,2145.5458322121913,4,2025
20250306,0.25/0.1,2025-02-28,2025-03-06,6.24,5,22273.45,22498.35,0,22550,22050,22750,21800,0.243,-0.236,0.102,-0.094,0,0,65.85000228881836,63.60000230371952,63.60000230371952,-33.04999613761902,200,250,47700.00172778964,1716.5792366348242,307.45654162545475,45675.96594952936,138112.49828338623,1,-9.050003051757812,55.900001525878906,298.9034678203312,3,5.099994659423828,220.8000030517578,1846.6423643918602,-3.9500083923339844,276.7000045776367,2145.5458322121913,4,2025
20250306,0.35/0.15,2025-02-28,2025-03-06,6.24,5,22273.45,22498.35,0,22450,22150,22650,21900,0.343,-0.327,0.16,-0.137,0,0,100.74999809265137,47.24999959766865,92.59999823570251,-38.300004959106445,200,250,35437.499698251486,1421.9854379073226,392.3673736454715,33623.14688669869,111937.50143051147,1,-5.25,88.44999694824219,360.33834694397353,3,19.20001220703125,332.8999938964844,1165.908641405786,13.95001220703125,421.34999084472656,1526.2469883497597,4,2025
20250313,0.25/0.05,2025-03-07,2025-03-13,6.24,5,22488.35,22404.15,0,22750,22250,23150,21800,0.264,-0.249,0.046,-0.052,0,0,100.5,99.90000003576279,99.95000000298023,-17.000004291534424,400,450,74925.00002682209,2163.747121053363,320.3099948396481,72440.94291092908,262125.0,2,27.849998474121094,135.9000015258789,2028.365039435957,0,0.0,0.0,0.0,27.849998474121094,135.9000015258789,2028.365039435957,2,2025
20250313,0.25/0.1,2025-03-07,2025-03-13,6.24,5,22488.35,22404.15,0,22750,22250,23000,22000,0.264,-0.249,0.096,-0.109,0,0,78.64999961853027,78.04999965429306,78.14999966323376,-14.950005531311035,250,250,58537.499740719795,2735.3675080742305,327.6862610859272,55474.44597155964,128512.5002861023,2,27.849998474121094,135.9000015258789,2028.365039435957,0,0.0,0.0,0.0,27.849998474121094,135.9000015258789,2028.365039435957,2,2025
20250313,0.35/0.15,2025-03-07,2025-03-13,6.24,5,22488.35,22404.15,0,22650,22350,22900,22100,0.361,-0.333,0.147,-0.154,0,0,116.59999656677246,114.99999660253525,115.39999657869339,-14.85000991821289,250,250,86249.99745190144,2819.594642460884,399.23255135437114,83031.17025808617,100050.00257492065,2,45.5,211.4499969482422,2120.47087373693,1,-6.700004577636719,88.4000015258789,684.2631117510961,38.79999542236328,299.8499984741211,2804.733985488026,3,2025
20250320,0.25/0.05,2025-03-13,2025-03-20,7.24,5,22489.9,23211.05,0,22750,22250,23100,21800,0.243,-0.241,0.047,-0.052,0,0,85.89999866485596,-264.0499891266227,32.499998569488525,-265.69999369978905,350,450,-198037.491844967,2127.5985985275997,584.002993138575,-200749.09343663318,273075.00100135803,5,-15.550010681152344,684.5500030517578,1771.4216393992224,1,11.25,57.5,1658.5136196581489,-4.300010681152344,742.0500030517578,3429.9352590573712,6,2025
20250320,0.25/0.1,2025-03-13,2025-03-20,7.24,5,22489.9,23211.05,0,22750,22250,22950,22000,0.243,-0.241,0.1,-0.105,0,0,65.44999885559082,-134.1499889343977,20.79999876022339,-137.65000419318676,200,250,-100612.49170079827,2479.084439800148,751.0424008157725,-103842.6185414142,138412.50085830688,5,-15.550010681152344,684.5500030517578,1771.4216393992224,1,11.25,57.5,1658.5136196581489,-4.300010681152344,742.0500030517578,3429.9352590573712,6,2025
20250320,0.35/0.15,2025-03-13,2025-03-20,7.24,5,22489.9,23211.05,0,22650,22350,22850,22100,0.348,-0.327,0.159,-0.148,0,0,101.20000648498535,-99.39999350905418,21.200007438659668,-104.29997518658638,200,250,-74549.99513179064,3165.811086836939,958.1282669308674,-78673.93448555845,111599.99513626099,5,-20.650001525878906,1017.0499801635742,2044.719671377864,1,15.200004577636719,85.0999984741211,2137.935459370785,-5.4499969482421875,1102.1499786376953,4182.655130748649,6,2025
20250327,0.25/0.05,2025-03-21,2025-03-27,6.24,5,23269.35,23599.15,0,23500,23050,23850,22600,0.261,-0.237,0.053,-0.049,0,0,81.75000238418579,-20.74999761581421,37.85000228881836,-184.14999437332153,350,450,-15562.498211860657,546.9409836230544,334.5994265965373,-16444.03862208025,276187.49821186066,5,47.5,841.8499908447266,1735.5988761784713,1,-8.799999237060547,55.45000076293945,446.38574274467186,38.70000076293945,897.299991607666,2181.984618923143,6,2025
20250327,0.25/0.1,2025-03-21,2025-03-27,6.24,5,23269.35,23599.15,0,23500,23050,23700,22800,0.261,-0.237,0.106,-0.094,0,0,64.95000267028809,-37.099997371435165,26.4000027179718,-101.90000295639038,200,250,-27824.998028576374,594.5745250587561,340.75016944301404,-28760.322723078145,138787.49799728394,5,47.5,841.8499908447266,1735.5988761784713,1,-8.799999237060547,55.45000076293945,446.38574274467186,38.70000076293945,897.299991607666,2181.984618923143,6,2025
20250327,0.35/0.15,2025-03-21,2025-03-27,6.24,5,23269.35,23599.15,0,23400,23150,23650,22950,0.375,-0.331,0.135,-0.165,0,0,103.75000381469727,-97.30000227689743,11.55000352859497,-119.09998416900635,250,200,-72975.00170767307,868.6723483140458,443.9708626975474,-74287.64491868467,109687.49713897705,5,63.900001525878906,1187.8000106811523,2236.4984465494226,1,-7.349998474121094,84.19999694824219,665.7137801689371,56.55000305175781,1272.0000076293945,2902.2122267183595,6,2025
20250403,0.25/0.05,2025-03-28,2025-04-03,6.24,4,23520.2,23258.7,0,23800,23300,24300,22750,0.253,-0.261,0.047,-0.047,0,0,100.6999979019165,53.09999714046717,70.39999830722809,-69.55000495910645,500,550,39824.997855350375,1916.6594712622993,338.00265182532655,37570.33573226275,336975.0015735626,1,22.399993896484375,66.30000305175781,1265.3171034165634,4,27.050003051757812,355.25,2051.1057869602582,49.44999694824219,421.5500030517578,3316.4228903768217,5,2025
20250403,0.25/0.1,2025-03-28,2025-04-03,6.24,4,23520.2,23258.7,0,23800,23300,24050,23000,0.253,-0.261,0.107,-0.102,0,0,77.24999809265137,29.849997349083424,48.44999659061432,-60.3000066280365,250,300,22387.498011812568,2164.16798035581,346.1320736874823,19877.197957769273,167062.50143051147,1,22.399993896484375,66.30000305175781,1265.3171034165634,4,27.050003051757812,355.25,2051.1057869602582,49.44999694824219,421.5500030517578,3316.4228903768217,5,2025
20250403,0.35/0.15,2025-03-28,2025-04-03,6.24,4,23520.2,23258.7,0,23700,23400,23950,23100,0.345,-0.347,0.151,-0.139,0,0,115.14999961853027,-31.650000371038914,48.94999885559082,-72.29999446868896,250,300,-23737.500278279185,2802.5122519651686,445.8641444665691,-26985.876674710926,138637.5002861023,1,31.00000762939453,99.5999984741211,1699.6021806593392,4,66.14998626708984,551.2500076293945,2329.005392986346,97.14999389648438,650.8500061035156,4028.607573645685,5,2025
20250409,0.25/0.05,2025-04-03,2025-04-09,6.24,5,23226.3,22401.8,0,23500,22950,23950,22350,0.266,-0.251,0.052,-0.05,0,0,110.85000228881836,-435.19997327774763,18.900002479553223,-461.44997331500053,450,600,-326399.9799583107,1768.5354401517159,522.7641175997687,-328691.2795160622,366862.49828338623,1,4.599998474121094,68.5999984741211,1556.2326117510588,4,17.949996948242188,2067.9000091552734,3398.0488487404446,22.54999542236328,2136.5000076293945,4954.281460491504,5,2025
20250409,0.25/0.1,2025-04-03,2025-04-09,6.24,5,23226.3,22401.8,0,23500,22950,23750,22600,0.266,-0.251,0.106,-0.096,0,0,88.6500015258789,-257.74997406452894,13.15000057220459,-265.1999771296978,250,350,-193312.4805483967,2034.0986630212706,742.9030689494332,-196089.4822803674,196012.49885559082,1,4.599998474121094,68.5999984741211,1556.2326117510588,4,17.949996948242188,2067.9000091552734,3398.0488487404446,22.54999542236328,2136.5000076293945,4954.281460491504,5,2025
20250409,0.35/0.15,2025-04-03,2025-04-09,6.24,5,23226.3,22401.8,0,23400,23100,23650,22750,0.357,-0.361,0.157,-0.145,0,0,136.0999984741211,-212.25000762939453,11.700000762939453,-229.9499893784523,250,350,-159187.5057220459,3127.0750385319366,1038.8661718183155,-163353.44693239615,160425.00114440918,1,-3.1999969482421875,103.5999984741211,2097.8097806345054,4,-8.89996337890625,2597.050003051758,5081.034841382656,-12.099960327148438,2700.650001525879,7178.844622017161,5,2025
20250417,0.25/0.05,2025-04-11,2025-04-17,6.24,4,22843.1,23839.25,0,23300,22450,23950,21500,0.241,-0.255,0.05,-0.053,0,1,152.10000228881836,-391.29997330904007,112.60000377893448,-412.9499979019165,650,950,-293474.97998178005,3548.5225852541744,582.5662790901096,-297606.06884612434,598424.9982833862,4,6.750007629394531,388.3999938964844,1964.1411325210695,1,-8.800003051757812,111.05000305175781,2510.1290096541425,-2.0499954223632812,499.4499969482422,4474.270142175212,5,2025
20250417,0.25/0.1,2025-04-11,2025-04-17,6.24,4,22843.1,23839.25,0,23300,22450,23650,21900,0.241,-0.255,0.105,-0.096,0,0,119.55000305175781,-229.0499725341797,81.90000468492508,-231.45001524686813,350,550,-171787.47940063477,3711.843440598242,801.0335809877483,-176300.35642222076,322837.49771118164,4,6.750007629394531,388.3999938964844,1964.1411325210695,1,-8.800003051757812,111.05000305175781,2510.1290096541425,-2.0499954223632812,499.4499969482422,4474.270142175212,5,2025
20250417,0.35/0.15,2025-04-11,2025-04-17,6.24,4,22843.1,23839.25,0,23100,22650,23500,22150,0.358,-0.356,0.152,-0.149,0,0,195.44999313354492,-200.70003738999367,38.149993896484375,-209.15002518892288,400,500,-150525.02804249525,4404.614862025528,1162.4700334309055,-156092.1129379517,228412.5051498413,4,-30.800003051757812,892.1999969482422,3089.1909684444518,1,-7.6999969482421875,161.0,2890.682694986578,-38.5,1053.1999969482422,5979.87366343103,5,2025
20250424,0.25/0.05,2025-04-17,2025-04-24,7.24,5,23416.25,24244.6,0,23750,23100,24300,22400,0.262,-0.257,0.05,-0.058,0,1,131.399995803833,-372.500016361475,7.599998474121094,-399.15002781152725,550,700,-279375.01227110624,1723.3799743924135,539.1890860177313,-281637.5813315164,426450.00314712524,5,30.700042724609375,1945.400001525879,3511.715148504465,1,0.7999954223632812,88.55000305175781,1349.4352799289245,31.500038146972656,2033.9500045776367,4861.15042843339,6,2025
20250424,0.25/0.1,2025-04-17,2025-04-24,7.24,5,23416.25,24244.6,0,23750,23100,24100,22700,0.262,-0.257,0.094,-0.104,0,0,107.04999542236328,-245.5000198483467,6.499998092651367,-279.6500259041786,350,400,-184125.01488626003,1951.5130415786223,708.6101646739883,-186785.13809251264,219712.50343322754,5,30.700042724609375,1945.400001525879,3511.715148504465,1,0.7999954223632812,88.55000305175781,1349.4352799289245,31.500038146972656,2033.9500045776367,4861.15042843339,6,2025
20250424,0.35/0.15,2025-04-17,2025-04-24,7.24,5,23416.25,24244.6,0,23650,23250,23950,22850,0.336,-0.351,0.149,-0.147,0,0,148.35000228881836,-147.09996110200882,4.600002288818359,-188.34999775886536,300,400,-110324.97082650661,2319.843955980114,988.8189603410357,-113633.63374282778,188737.49828338623,5,50.34996795654297,2330.89998626709,4183.122966767521,1,9.0,129.5,1897.5989522384043,59.34996795654297,2460.39998626709,6080.721919005925,6,2025
20250430,0.25/0.05,2025-04-24,2025-04-30,6.24,5,24256.85,24334.8,0,24650,23950,25300,23000,0.244,-0.248,0.047,-0.051,0,0,118.84999465942383,118.39999466389418,118.3999946936965,-96.2000060081482,650,950,88799.99599792063,2962.3374252822105,356.7760349291992,85480.88253770923,623362.5040054321,1,-8.099998474121094,78.4000015258789,1588.1706213943664,2,24.5,150.25,1566.7746480033136,16.400001525878906,228.6500015258789,3154.94526939768,3,2025
20250430,0.25/0.1,2025-04-24,2025-04-30,6.24,5,24256.85,24334.8,0,24650,23950,25000,23500,0.244,-0.248,0.102,-0.103,0,0,89.49999618530273,89.09999620169401,89.29999619722366,-72.2500057220459,350,450,66824.99715127051,3450.5302590671104,366.73745399677983,63007.72943820662,270375.00286102295,1,-8.099998474121094,78.4000015258789,1588.1706213943664,2,24.5,150.25,1566.7746480033136,16.400001525878906,228.6500015258789,3154.94526939768,3,2025
20250430,0.35/0.15,2025-04-24,2025-04-30,6.24,5,24256.85,24334.8,0,24500,24100,24850,23700,0.34,-0.345,0.151,-0.145,0,0,139.49999618530273,138.99999619275331,138.99999619275331,-75.90001106262207,350,400,104249.99714456499,3913.0253122291056,456.1443703478494,99880.82746198804,195375.00286102295,1,-7.0,122.0,1658.0331778995283,2,29.800003051757812,222.75,2128.6109357491323,22.800003051757812,344.75,3786.6441136486606,3,2025
20250508,0.25/0.05,2025-05-02,2025-05-08,6.24,5,24529.7,24349.15,0,24850,24200,25300,23300,0.266,-0.241,0.046,-0.053,0,1,121.10000228881836,119.35000230744481,119.80000227689743,-47.100003719329834,450,900,89512.50173058361,1218.6768596574914,356.1046654366131,87937.7202054895,584174.9982833862,1,-10.0,94.0,915.650980447026,2,-15.900009155273438,153.20000457763672,509.38690815962,-25.900009155273438,247.20000457763672,1425.037888606646,3,2025
20250508,0.25/0.1,2025-05-02,2025-05-08,6.24,5,24529.7,24349.15,0,24850,24200,25150,23700,0.266,-0.241,0.09,-0.097,0,0,98.55000114440918,97.40000116825104,97.75000125169754,-34.90000629425049,300,500,73050.00087618828,1247.8928991734945,364.35629446100523,71437.75168255378,301087.4991416931,1,-10.0,94.0,915.650980447026,2,-15.900009155273438,153.20000457763672,509.38690815962,-25.900009155273438,247.20000457763672,1425.037888606646,3,2025
20250508,0.35/0.15,2025-05-02,2025-05-08,6.24,5,24529.7,24349.15,0,24750,24400,25000,23950,0.346,-0.363,0.163,-0.148,0,0,140.0500030517578,94.55000154674053,132.0500027537346,-57.15001106262207,250,450,70912.5011600554,1957.564022290139,472.90344064296386,68482.03369712229,232462.49771118164,1,-10.0,135.0,1010.8047528672722,3,-3.350006103515625,381.6999969482422,2213.2626469258275,-13.350006103515625,516.6999969482422,3224.0673997931,4,2025
20250515,0.25/0.05,2025-05-09,2025-05-15,6.24,5,24081.5,25090.75,0,24500,23500,25000,23000,0.237,-0.246,0.052,-0.151,0,1,109.10000896453857,-383.9999879896641,42.15000578761101,-386.1500062942505,500,500,-287999.99099224806,8298.387463449655,754.3139098039674,-297052.6923655017,293174.99327659607,5,-17.699981689453125,1071.7999801635742,2350.7587780825356,1,11.399993896484375,140.5,4215.974093869316,-6.29998779296875,1212.2999801635742,6566.732871951852,6,2025
20250515,0.25/0.1,2025-05-09,2025-05-15,6.24,5,24081.5,25090.75,0,24500,23500,24800,23000,0.237,-0.246,0.098,-0.151,0,1,96.65000915527344,-199.84999695420265,36.150006264448166,-203.14997252821922,300,500,-149887.497715652,8262.898329229087,967.9128682659192,-159118.308913147,302512.4931335449,5,-17.699981689453125,1071.7999801635742,2350.7587780825356,1,11.399993896484375,140.5,4215.974093869316,-6.29998779296875,1212.2999801635742,6566.732871951852,6,2025
20250515,0.35/0.15,2025-05-09,2025-05-15,6.24,5,24081.5,25090.75,0,24350,23800,24650,23000,0.336,-0.343,0.157,-0.151,0,1,175.35000610351562,-132.9999695122242,38.500005692243576,-132.9999695122242,300,800,-99749.97713416815,8186.5632770196935,1293.0678831677785,-109229.60829435562,468487.4954223633,5,-24.250015258789062,1604.9500198364258,2648.89185457959,1,27.300003051757812,193.1999969482422,4295.340670851394,3.04998779296875,1798.150016784668,6944.2325254309835,6,2025
20250522,0.25/0.05,2025-05-16,2025-05-22,6.24,5,25022.1,24484.15,0,25350,24700,25900,23950,0.258,-0.245,0.052,-0.05,0,0,120.50000381469727,-104.44999313354492,63.300002217292786,-110.84999921917915,550,750,-78337.49485015869,1367.3569160505103,429.8330608884563,-80134.68482709766,472124.99713897705,1,-5.0500030517578125,70.5,906.6688477770648,5,10.599998474121094,520.3499984741211,1841.278946163625,5.549995422363281,590.8499984741211,2747.9477939406897,6,2025
20250522,0.25/0.1,2025-05-16,2025-05-22,6.24,5,25022.1,24484.15,0,25350,24700,25700,24300,0.258,-0.245,0.096,-0.1,0,0,95.80000305175781,-127.84999391436577,44.65000343322754,-134.00000002980232,350,400,-95887.49543577433,1518.2384517961575,439.5560614269691,-97845.28994899745,228149.99771118164,1,-5.0500030517578125,70.5,906.6688477770648,5,10.599998474121094,520.3499984741211,1841.278946163625,5.549995422363281,590.8499984741211,2747.9477939406897,6,2025
20250522,0.35/0.15,2025-05-16,2025-05-22,6.24,5,25022.1,24484.15,0,25250,24850,25550,24500,0.331,-0.341,0.15,-0.155,0,0,129.20000457763672,-210.74998319149017,40.45000457763672,-210.74998781085014,300,350,-158062.48739361763,1770.268925005675,606.6871522152036,-160439.4434708385,165599.99656677246,1,-3.1999969482421875,97.0999984741211,1175.0239823146737,5,-23.550003051757812,797.5,2352.4881485417613,-26.75,894.5999984741211,3527.512130856435,6,2025
20250529,0.25/0.05,2025-05-23,2025-05-29,6.24,5,24766.35,24745.35,0,25150,24450,25650,23800,0.235,-0.247,0.051,-0.051,0,0,117.4000015258789,116.65000154078007,116.8500015437603,-76.34999227523804,500,650,87487.50115558505,1521.8024358778528,348.8105117485641,85616.88820795863,399449.9988555908,3,-17.599998474121094,359.6499938964844,2178.323837255778,2,-14.25,166.8499984741211,1454.0129610916683,-31.849998474121094,526.4999923706055,3632.3367983474463,5,2025
20250529,0.25/0.1,2025-05-23,2025-05-29,6.24,5,24766.35,24745.35,0,25150,24450,25450,24100,0.235,-0.247,0.097,-0.103,0,0,91.25,90.65000000596046,90.85000002384186,-50.299994468688965,300,350,67987.50000447035,1759.8590368434102,357.7981635191577,65869.84280410779,194062.5,3,-17.599998474121094,359.6499938964844,2178.323837255778,2,-14.25,166.8499984741211,1454.0129610916683,-31.849998474121094,526.4999923706055,3632.3367983474463,5,2025
20250529,0.35/0.15,2025-05-23,2025-05-29,6.24,5,24766.35,24745.35,0,25000,24600,25300,24250,0.34,-0.345,0.154,-0.15,0,0,143.4499969482422,141.6499969959259,141.7499969303608,-44.90000343322754,300,350,106237.49774694443,1844.4813326802982,456.7225788763257,103936.2938353878,154912.50228881836,3,-10.600006103515625,541.3000030517578,3218.7561665745616,2,-9.350006103515625,248.9499969482422,980.375329806541,-19.95001220703125,790.25,4199.131496381103,5,2025
20250605,0.25/0.05,2025-05-30,2025-06-05,6.24,5,24831.8,24721.05,0,25250,24550,25750,23950,0.236,-0.264,0.054,-0.051,0,0,129.0999937057495,127.79999369382858,127.84999369084835,-81.85000324249268,500,600,95849.99527037144,2310.34807250523,361.5979562393626,93178.04924162684,353175.00472068787,0,0.0,0.0,0.0,4,-14.899993896484375,535.6999969482422,1436.7177744760338,-14.899993896484375,535.6999969482422,1436.7177744760338,4,2025
20250605,0.25/0.1,2025-05-30,2025-06-05,6.24,5,24831.8,24721.05,0,25250,24550,25550,24200,0.236,-0.264,0.102,-0.103,0,0,101.64999389648438,100.39999388158321,100.49999387562275,-57.79999923706055,300,350,75299.99541118741,2913.2789240820707,370.91796129679886,72015.79852580854,186262.50457763672,0,0.0,0.0,0.0,4,-14.899993896484375,535.6999969482422,1436.7177744760338,-14.899993896484375,535.6999969482422,1436.7177744760338,4,2025
20250605,0.35/0.15,2025-05-30,2025-06-05,6.24,5,24831.8,24721.05,0,25050,24650,25400,24350,0.365,-0.333,0.159,-0.156,0,0,155.79999923706055,146.7999990582466,148.09999944269657,-35.80000305175781,350,300,110099.99929368496,2179.7776021023765,479.53078669761396,107440.69090488498,145650.0005722046,0,0.0,0.0,0.0,4,1.850006103515625,732.5,1824.9098622578367,1.850006103515625,732.5,1824.9098622578367,4,2025
20250612,0.25/0.05,2025-06-06,2025-06-12,6.24,5,24686.3,24894.5,0,25000,24400,25550,23850,0.262,-0.254,0.047,-0.052,0,0,122.55000305175781,119.1000030785799,121.05000299215317,-111.69999408721924,550,550,89325.00230893493,2748.166683762903,351.5602426937906,86225.27538247824,320587.49771118164,5,-14.150001525878906,847.1499938964844,1843.9639376016146,1,-10.5,79.0,2238.3563036999913,-24.650001525878906,926.1499938964844,4082.320241301606,6,2025
20250612,0.25/0.1,2025-06-06,2025-06-12,6.24,5,24686.3,24894.5,0,25000,24400,25300,24050,0.262,-0.254,0.106,-0.095,0,0,97.95000457763672,94.70000463724136,96.70000451803207,-94.7499930858612,300,350,71025.00347793102,3012.6952812129894,360.0778886535906,67652.23030806445,189037.49656677246,5,-14.150001525878906,847.1499938964844,1843.9639376016146,1,-10.5,79.0,2238.3563036999913,-24.650001525878906,926.1499938964844,4082.320241301606,6,2025
20250612,0.35/0.15,2025-06-06,2025-06-12,6.24,5,24686.3,24894.5,0,24900,24550,25200,24200,0.338,-0.363,0.145,-0.147,0,0,146.5999984741211,130.54999926686287,140.4999982714653,-95.1500153541565,300,350,97912.49945014715,3672.641974685937,452.0537523884396,93787.80372307278,152550.00114440918,5,-1.0499954223632812,1195.9500045776367,2349.1965199298565,1,-10.0,125.1500015258789,2270.102530694672,-11.049995422363281,1321.1000061035156,4619.299050624529,6,2025
20250619,0.25/0.05,2025-06-13,2025-06-19,6.24,5,24613.7,24817.15,0,24950,24300,25450,23600,0.243,-0.26,0.05,-0.062,0,1,118.8499984741211,117.6999984383583,117.84999844431877,-39.19999933242798,500,700,88274.99882876873,947.5474252192234,357.0123495803134,86970.4390539692,435862.5011444092,4,39.79999542236328,286.0,1063.8503584276546,1,-8.0,87.44999694824219,546.9437577377389,31.79999542236328,373.4499969482422,1610.7941161653935,5,2025
20250619,0.25/0.1,2025-06-13,2025-06-19,6.24,5,24613.7,24817.15,0,24950,24300,25250,23850,0.243,-0.26,0.095,-0.1,0,0,97.24999809265137,96.24999809265137,96.44999808073044,-31.350000381469727,300,450,72187.49856948853,1150.0132557120419,364.46398220968297,70673.02133156681,264562.5014305115,4,39.79999542236328,286.0,1063.8503584276546,1,-8.0,87.44999694824219,546.9437577377389,31.79999542236328,373.4499969482422,1610.7941161653935,5,2025
20250619,0.35/0.15,2025-06-13,2025-06-19,6.24,5,24613.7,24817.15,0,24800,24450,25100,24050,0.36,-0.353,0.153,-0.152,0,0,148.9499969482422,120.39999732375145,136.19999700784683,-41.200005531311035,300,400,90299.99799281359,828.857378825288,473.2240690765168,88997.91654491179,188287.50228881836,4,-13.299980163574219,589.5999984741211,1605.8970567798337,1,-6.75,126.44999694824219,329.7789580472805,-20.04998016357422,716.0499954223633,1935.6760148271142,5,2025
20250626,0.25/0.05,2025-06-20,2025-06-26,6.24,5,24884.6,25509.05,0,25150,24600,25600,23950,0.267,-0.239,0.045,-0.05,0,0,104.85000038146973,-255.1999935209751,36.750001549720764,-273.99999979138374,450,650,-191399.99514073133,1154.8052550907516,458.49186158628356,-193013.29225740838,408862.4997138977,5,53.44998550415039,620.3000068664551,1513.5584457423015,1,-8.849998474121094,67.0,973.2852356334587,44.5999870300293,687.3000068664551,2486.8436813757603,6,2025
20250626,0.25/0.1,2025-06-20,2025-06-26,6.24,5,24884.6,25509.05,0,25150,24600,25400,24250,0.267,-0.239,0.103,-0.096,0,0,82.9000015258789,-163.59999239444733,25.700002193450928,-168.4500076174736,250,350,-122699.9942958355,1343.0857882077794,586.8424637059012,-124629.92254774919,200324.99885559082,5,53.44998550415039,620.3000068664551,1513.5584457423015,1,-8.849998474121094,67.0,973.2852356334587,44.5999870300293,687.3000068664551,2486.8436813757603,6,2025
20250626,0.35/0.15,2025-06-20,2025-06-26,6.24,5,24884.6,25509.05,0,25050,24750,25300,24400,0.362,-0.349,0.155,-0.14,0,0,129.9499969482422,-121.90000915527344,28.84999990463257,-126.30001217126846,250,350,-91425.00686645508,1791.489030505735,806.3101653268109,-94022.80606228762,165037.50228881836,5,68.9000015258789,918.9000015258789,2019.6524591647144,1,-6.849998474121094,105.0,1192.5350114809214,62.05000305175781,1023.9000015258789,3212.1874706456356,6,2025
20250703,0.25/0.05,2025-06-27,2025-07-03,6.24,5,25533.2,25430.3,0,25850,25250,26250,24650,0.236,-0.237,0.052,-0.049,0,0,95.69999980926514,93.84999978542328,95.14999979734421,0.0,400,600,70387.49983906746,1362.8802902619395,320.7393194782988,68703.88022932723,378225.00014305115,1,-6.450000762939453,58.79999923706055,734.403982713859,0,0.0,0.0,0.0,-6.450000762939453,58.79999923706055,734.403982713859,1,2025
20250703,0.25/0.1,2025-06-27,2025-07-03,6.24,5,25533.2,25430.3,0,25850,25250,26100,24950,0.236,-0.237,0.094,-0.105,0,0,73.3499984741211,71.59999844431877,72.84999850392342,0.0,250,300,53699.99883323908,1821.8589885153845,328.390887970177,51549.748956753516,169987.50114440918,1,-6.450000762939453,58.79999923706055,734.403982713859,0,0.0,0.0,0.0,-6.450000762939453,58.79999923706055,734.403982713859,1,2025
20250703,0.35/0.15,2025-06-27,2025-07-03,6.24,5,25533.2,25430.3,0,25700,25400,26000,25100,0.368,-0.348,0.14,-0.158,0,0,133.25,111.75000002980232,128.9000000655651,-0.5000038146972656,300,300,83812.50002235174,1458.7940361402975,433.15226560283014,81920.55372060862,125062.5,1,-4.4499969482421875,108.44999694824219,316.00164683369485,0,0.0,0.0,0.0,-4.4499969482421875,108.44999694824219,316.00164683369485,1,2025
20250710,0.25/0.05,2025-07-04,2025-07-10,6.24,5,25395.95,25407.25,0,25650,25150,26100,24700,0.269,-0.239,0.046,-0.053,0,0,96.55000162124634,95.85000166296959,95.85000166296959,-3.1999993324279785,450,450,71887.50124722719,1162.9401788038151,317.4692026497737,70407.0918657736,265087.49878406525,2,-12.799995422363281,124.14999771118164,489.04707141734815,1,9.25,56.650001525878906,726.9791762727024,-3.5499954223632812,180.79999923706055,1216.0262476900505,3,2025
20250710,0.25/0.1,2025-07-04,2025-07-10,6.24,5,25395.95,25407.25,0,25650,25150,25900,24900,0.269,-0.239,0.104,-0.104,0,0,74.95000076293945,74.30000078678131,74.40000078082085,-2.200000762939453,250,250,55725.00059008598,1400.0754044264033,324.8143267279814,54000.1108589316,131287.4994277954,2,-12.799995422363281,124.14999771118164,489.04707141734815,1,9.25,56.650001525878906,726.9791762727024,-3.5499954223632812,180.79999923706055,1216.0262476900505,3,2025
20250710,0.35/0.15,2025-07-04,2025-07-10,6.24,5,25395.95,25407.25,0,25550,25300,25800,25000,0.368,-0.37,0.155,-0.145,0,0,130.20000076293945,127.40000092983246,127.55000081658363,-1.649993896484375,250,300,95550.00069737434,1406.3420251655987,413.49163438454343,93730.16703782421,127349.99942779541,3,-17.849998474121094,285.6999969482422,1020.2491581888212,1,18.650001525878906,101.3499984741211,680.5218218885365,0.8000030517578125,387.0499954223633,1700.7709800773578,4,2025
20250717,0.25/0.05,2025-07-11,2025-07-17,6.24,5,25300.2,25135.9,0,25550,25100,25900,24650,0.24,-0.24,0.054,-0.049,0,0,73.74999904632568,69.14999920129776,71.9499990940094,-58.75000357627869,350,450,51862.49940097332,1149.4859488093732,293.1692739351007,50419.84417822885,282187.50071525574,0,0.0,0.0,0.0,4,10.049995422363281,305.5999984741211,1665.1729391232393,10.049995422363281,305.5999984741211,1665.1729391232393,4,2025
20250717,0.25/0.1,2025-07-11,2025-07-17,6.24,5,25300.2,25135.9,0,25550,25100,25750,24850,0.24,-0.24,0.103,-0.094,0,0,57.849998474121094,53.399998635053635,56.24999850988388,-46.300004959106445,200,250,40049.998976290226,1288.5403393228748,298.6966632621177,38462.76197370523,144112.50114440918,0,0.0,0.0,0.0,4,10.049995422363281,305.5999984741211,1665.1729391232393,10.049995422363281,305.5999984741211,1665.1729391232393,4,2025
20250717,0.35/0.15,2025-07-11,2025-07-17,6.24,5,25300.2,25135.9,0,25450,25200,25650,24950,0.348,-0.342,0.159,-0.136,0,0,94.25,30.550003111362457,78.54999953508377,-53.799996852874756,200,250,22912.502333521843,1414.0641051376247,383.13673518730934,21115.30149319691,116812.5,0,0.0,0.0,0.0,4,31.899993896484375,490.4499969482422,1368.7807376357973,31.899993896484375,490.4499969482422,1368.7807376357973,4,2025
20250724,0.25/0.05,2025-07-18,2025-07-24,6.24,5,25034.8,25080.15,0,25300,24850,25650,24400,0.235,-0.25,0.055,-0.051,0,0,75.50000190734863,75.10000190138817,75.10000193119049,-25.649997234344482,350,450,56325.001426041126,989.129997922736,294.2465192469415,55041.624908871454,280874.9985694885,0,0.0,0.0,0.0,2,19.950000762939453,137.54999923706055,1118.2283504500313,19.950000762939453,137.54999923706055,1118.2283504500313,2,2025
20250724,0.25/0.1,2025-07-18,2025-07-24,6.24,5,25034.8,25080.15,0,25300,24850,25500,24600,0.235,-0.25,0.104,-0.099,0,0,58.650001525878906,58.20000150799751,58.30000156164169,-18.350000381469727,200,250,43650.001130998135,1147.3413126804178,299.8815984030237,42202.7782199147,143512.49885559082,0,0.0,0.0,0.0,2,19.950000762939453,137.54999923706055,1118.2283504500313,19.950000762939453,137.54999923706055,1118.2283504500313,2,2025
20250724,0.35/0.15,2025-07-18,2025-07-24,6.24,5,25034.8,25080.15,0,25200,24950,25400,24700,0.34,-0.355,0.157,-0.144,0,0,94.75,93.75,93.75000002980232,-19.599994659423828,200,250,70312.5,1455.4952173371303,365.0975480125,68491.90723465037,116437.5,0,0.0,0.0,0.0,2,34.0,212.75,1165.72467314905,34.0,212.75,1165.72467314905,2,2025
20250731,0.25/0.05,2025-07-25,2025-07-31,6.24,5,24923.8,24847.0,0,25150,24700,25550,24250,0.265,-0.231,0.053,-0.049,0,0,79.30000305175781,74.75000315904617,78.45000305771828,-50.49999666213989,400,450,56062.50236928463,872.8800744505071,299.9052328849548,54889.717061949166,278024.99771118164,0,0.0,0.0,0.0,4,64.30000305175781,250.75,1871.5306212048358,64.30000305175781,250.75,1871.5306212048358,4,2025
20250731,0.25/0.1,2025-07-25,2025-07-31,6.24,5,24923.8,24847.0,0,25150,24700,25400,24450,0.265,-0.231,0.097,-0.094,0,0,63.80000114440918,59.80000126361847,63.000001192092896,-40.29999828338623,250,250,44850.00094771385,988.5374325395305,305.7236226690468,43555.73989250528,139649.99914169312,0,0.0,0.0,0.0,4,64.30000305175781,250.75,1871.5306212048358,64.30000305175781,250.75,1871.5306212048358,4,2025
20250731,0.35/0.15,2025-07-25,2025-07-31,6.24,5,24923.8,24847.0,0,25050,24800,25300,24600,0.376,-0.324,0.146,-0.16,0,0,96.0999984741211,81.39999917149544,92.69999861717224,-36.24999809265137,250,200,61049.99937862158,1011.0447880196185,376.70090741585864,59662.25368318611,115425.00114440918,0,0.0,0.0,0.0,5,71.25000762939453,503.4500045776367,1838.859349683726,71.25000762939453,503.4500045776367,1838.859349683726,5,2025
20250807,0.25/0.05,2025-08-01,2025-08-07,6.24,5,24713.35,24471.6,0,25000,24450,25400,23950,0.242,-0.234,0.053,-0.05,0,0,88.85000228881836,73.1500019133091,78.10000209510326,-23.54999589920044,400,500,54862.50143498182,1325.8139254242844,316.22544413959736,53220.46206541794,308362.49828338623,1,5.5,56.5,922.606519666023,3,26.800003051757812,180.6500015258789,737.3586413601784,32.30000305175781,237.1500015258789,1659.9651610262013,4,2025
20250807,0.25/0.1,2025-08-01,2025-08-07,6.24,5,24713.35,24471.6,0,25000,24450,25250,24200,0.242,-0.234,0.096,-0.106,0,0,68.40000343322754,53.000003054738045,57.900003269314766,-38.44999349117279,250,250,39750.00229105353,1429.5315039100872,323.44861466258607,37997.02217248086,136199.99742507935,1,5.5,56.5,922.606519666023,3,26.800003051757812,180.6500015258789,737.3586413601784,32.30000305175781,237.1500015258789,1659.9651610262013,4,2025
20250807,0.35/0.15,2025-08-01,2025-08-07,6.24,5,24713.35,24471.6,0,24900,24600,25150,24300,0.333,-0.359,0.14,-0.146,0,0,118.8499984741211,-14.25000461935997,63.549999356269836,-123.09999585151672,250,300,-10687.503464519978,1863.2289347780556,444.19815487279106,-12994.930554170824,135862.50114440918,1,8.599998474121094,83.75,1198.2359679957865,4,35.0,420.84999084472656,1479.91633846572,43.599998474121094,504.59999084472656,2678.1523064615067,5,2025
20250814,0.25/0.05,2025-08-08,2025-08-14,6.24,5,24496.85,24616.5,0,24750,24300,25100,23800,0.25,-0.26,0.055,-0.051,0,0,86.8000020980835,85.85000211000443,85.85000211000443,-20.15000057220459,350,500,64387.50158250332,1064.155405260702,307.3794062472213,63015.966770995394,309899.9984264374,1,18.799999237060547,53.95000076293945,232.990000058945,2,-5.650001525878906,152.3000030517578,1505.7127437042245,13.14999771118164,206.25000381469727,1738.7027437631696,3,2025
20250814,0.25/0.1,2025-08-08,2025-08-14,6.24,5,24496.85,24616.5,0,24750,24300,24950,24000,0.25,-0.26,0.108,-0.093,0,0,69.4000015258789,68.60000151395798,68.60000151395798,-16.400001525878906,200,300,51450.00113546848,1260.4260212781387,313.41317536749625,49876.16193882285,172949.99885559082,1,18.799999237060547,53.95000076293945,232.990000058945,2,-5.650001525878906,152.3000030517578,1505.7127437042245,13.14999771118164,206.25000381469727,1738.7027437631696,3,2025
20250814,0.35/0.15,2025-08-08,2025-08-14,6.24,5,24496.85,24616.5,0,24650,24400,24900,24150,0.354,-0.357,0.135,-0.155,0,0,108.99999809265137,102.7499980032444,102.7499980032444,-10.649994850158691,250,250,77062.4985024333,1422.5632830879945,382.74869582962907,75257.18652351567,105750.00143051147,3,-25.20000457763672,252.70000457763672,842.6879675918749,2,-1.4000015258789062,225.25000762939453,1660.7901619364131,-26.600006103515625,477.95001220703125,2503.4781295282883,5,2025
20250821,0.25/0.05,2025-08-14,2025-08-21,7.24,5,24667.15,25121.95,0,24950,24450,25350,23900,0.244,-0.251,0.047,-0.051,0,0,89.7999997138977,-87.95000636577606,30.049999594688416,-104.64999416470528,400,550,-65962.50477433205,1264.8356589703062,370.3301012514275,-67597.67053455378,345150.0002145767,4,68.90001678466797,454.24999237060547,1070.130314940712,1,-6.849998474121094,65.5,997.9680247381415,62.050018310546875,519.7499923706055,2068.0983396788533,5,2025
20250821,0.25/0.1,2025-08-14,2025-08-21,7.24,5,24667.15,25121.95,0,24950,24450,25150,24150,0.244,-0.251,0.11,-0.099,0,0,68.24999809265137,-103.600007802248,17.249998092651367,-110.99999579787254,200,300,-77700.005851686,1322.1164295176457,383.8891027930391,-79406.01138399668,173812.50143051147,4,68.90001678466797,454.24999237060547,1070.130314940712,1,-6.849998474121094,65.5,997.9680247381415,62.050018310546875,519.7499923706055,2068.0983396788533,5,2025
20250821,0.35/0.15,2025-08-14,2025-08-21,7.24,5,24667.15,25121.95,0,24850,24550,25100,24300,0.34,-0.337,0.135,-0.156,0,0,104.60000419616699,-140.89999732375145,6.000005722045898,-142.70000344514847,250,250,-105674.99799281359,1842.4177276741048,511.21974009356495,-108028.63546058127,109049.99685287476,4,60.50001525878906,733.3500061035156,1489.935992657722,1,-5.0,94.0,1305.323608109965,55.50001525878906,827.3500061035156,2795.259600767687,5,2025
20250828,0.25/0.05,2025-08-22,2025-08-28,6.24,4,24978.7,24565.05,0,25200,24800,25550,24350,0.252,-0.261,0.05,-0.046,0,0,80.15000295639038,-160.3499970138073,50.00000333786011,-195.74999141693115,350,450,-120262.49776035547,781.3922221232685,376.74702033846245,-121420.6370028172,277387.4977827072,0,0.0,0.0,0.0,3,-19.750022888183594,435.05001068115234,1063.795806691392,-19.750022888183594,435.05001068115234,1063.795806691392,3,2025
20250828,0.25/0.1,2025-08-22,2025-08-28,6.24,4,24978.7,24565.05,0,25200,24800,25400,24550,0.252,-0.261,0.101,-0.098,0,0,63.60000419616699,-161.79999542236328,37.300004959106445,-168.09998440742493,200,250,-121349.99656677246,865.5139309343161,398.4168846019868,-122613.92738230877,139799.99685287476,0,0.0,0.0,0.0,3,-19.750022888183594,435.05001068115234,1063.795806691392,-19.750022888183594,435.05001068115234,1063.795806691392,3,2025
20250828,0.35/0.15,2025-08-22,2025-08-28,6.24,4,24978.7,24565.05,0,25100,24900,25300,24650,0.373,-0.368,0.162,-0.146,0,0,103.44999885559082,-144.44999960064888,43.74999761581421,-145.9499996304512,200,250,-108337.49970048666,1236.7043538370292,583.603832939715,-110157.8078872634,109912.50085830688,0,0.0,0.0,0.0,3,-7.550010681152344,567.5999908447266,1316.363621847645,-7.550010681152344,567.5999908447266,1316.363621847645,3,2025
20250902,0.25/0.05,2025-08-26,2025-09-02,7.24,5,24764.0,24535.75,0,25050,24550,25500,24000,0.24,-0.24,0.048,-0.049,0,0,81.69999980926514,44.95000058412552,80.19999986886978,-69.79999709129333,450,550,33712.50043809414,1379.3907566526934,314.73439827374943,32018.375283167694,351225.00014305115,1,-3.4000015258789062,50.0,942.995727661294,4,5.549999237060547,356.4000015258789,947.1577715466724,2.1499977111816406,406.4000015258789,1890.1534992079664,5,2025
20250902,0.25/0.1,2025-08-26,2025-09-02,7.24,5,24764.0,24535.75,0,25050,24550,25300,24300,0.24,-0.24,0.096,-0.106,0,0,62.29999923706055,25.850000023841858,61.199999272823334,-56.94999551773071,250,250,19387.500017881393,1448.472264458391,321.6031035146148,17617.424649908386,140775.0005722046,1,-3.4000015258789062,50.0,942.995727661294,4,5.549999237060547,356.4000015258789,947.1577715466724,2.1499977111816406,406.4000015258789,1890.1534992079664,5,2025
20250902,0.35/0.15,2025-08-26,2025-09-02,7.24,5,24764.0,24535.75,0,24950,24650,25200,24400,0.334,-0.33,0.139,-0.146,0,0,96.10000228881836,-20.19999784231186,92.35000228881836,-69.79999923706055,250,250,-15149.998381733894,1733.5672320680114,410.85943676641233,-17294.425050568316,115424.99828338623,1,-9.5,82.5,971.0325985932459,5,8.400001525878906,628.9499969482422,1676.0373253768503,-1.0999984741210938,711.4499969482422,2647.069923970096,6,2025
20250909,0.25/0.05,2025-09-03,2025-09-09,6.24,5,24557.1,24886.95,0,24800,24350,25150,23950,0.238,-0.229,0.047,-0.05,0,0,69.45000076293945,-11.449999243021011,27.850000381469727,-107.00000429153442,350,400,-8587.499432265759,587.5346251451241,311.6821793554693,-9486.716236766353,247912.4994277954,5,17.45000457763672,471.10000228881836,1821.4787811811075,1,-10.0,43.04999923706055,311.3158313733203,7.450004577636719,514.1500015258789,2132.7946125544277,6,2025
20250909,0.25/0.1,2025-09-03,2025-09-09,6.24,5,24557.1,24886.95,0,24800,24350,25000,24150,0.238,-0.229,0.095,-0.103,0,0,53.00000190734863,-26.649998158216476,18.950002670288086,-73.15000438690186,200,200,-19987.498618662357,695.8810356966871,318.5668358406481,-21001.94649019969,110249.99856948853,5,17.45000457763672,471.10000228881836,1821.4787811811075,1,-10.0,43.04999923706055,311.3158313733203,7.450004577636719,514.1500015258789,2132.7946125544277,6,2025
20250909,0.35/0.15,2025-09-03,2025-09-09,6.24,5,24557.1,24886.95,0,24700,24450,24900,24250,0.352,-0.33,0.152,-0.155,0,0,87.60000038146973,-78.35000270605087,21.400001525878906,-78.35000270605087,200,200,-58762.502029538155,783.7138990086626,429.0874211843052,-59975.30334973112,84299.9997138977,5,11.600006103515625,798.7999877929688,2214.966091967837,1,-10.0,68.19999694824219,338.77947249476836,1.600006103515625,866.9999847412109,2553.7455644626057,6,2025
20250916,0.25/0.05,2025-09-10,2025-09-16,6.24,5,25013.9,25198.95,0,25250,24850,25600,24350,0.248,-0.271,0.047,-0.049,0,0,82.49999904632568,79.6999990940094,80.74999906122684,-3.1000022888183594,350,500,59774.99932050705,1240.4895699212934,299.2861813540562,58235.2235692317,313125.00071525574,1,-0.8500022888183594,44.400001525878906,440.9079702998033,1,-5.5,55.099998474121094,673.8514943858463,-6.350002288818359,99.5,1114.7594646856496,2,2025
20250916,0.25/0.1,2025-09-10,2025-09-16,6.24,5,25013.9,25198.95,0,25250,24850,25450,24600,0.248,-0.271,0.098,-0.108,0,0,64.3499984741211,61.79999852180481,62.7499985396862,-2.4000015258789062,200,250,46349.99889135361,1466.6596478342992,305.6796490672248,44577.65959445208,139237.50114440918,1,-0.8500022888183594,44.400001525878906,440.9079702998033,1,-5.5,55.099998474121094,673.8514943858463,-6.350002288818359,99.5,1114.7594646856496,2,2025
20250916,0.35/0.15,2025-09-10,2025-09-16,6.24,5,25013.9,25198.95,0,25150,24900,25350,24700,0.363,-0.324,0.158,-0.156,0,0,88.10000228881836,34.050003081560135,71.40000200271606,-3.6499977111816406,200,200,25537.5023111701,1526.099179737364,376.7652960829888,23634.63783534975,83924.99828338623,3,-8.849998474121094,226.0500030517578,1151.744917154536,1,-7.6999969482421875,68.69999694824219,728.7594999240634,-16.54999542236328,294.75,1880.5044170785995,4,2025
20250923,0.25/0.05,2025-09-17,2025-09-23,6.24,5,25319.45,25198.3,0,25550,25150,25850,24700,0.241,-0.235,0.054,-0.048,0,0,63.249998569488525,57.59999838471413,61.09999866783619,-7.500004470348358,300,450,43199.998788535595,994.2486132453797,279.74538610753035,41926.00478918268,290062.5010728836,2,-15.450004577636719,91.60000228881836,1329.457481815365,2,4.549995422363281,89.1500015258789,369.7845261362701,-10.900009155273438,180.75000381469727,1699.242007951635,4,2025
20250923,0.25/0.1,2025-09-17,2025-09-23,6.24,5,25319.45,25198.3,0,25550,25150,25750,24950,0.241,-0.235,0.089,-0.105,0,0,50.049997329711914,44.599997133016586,48.14999736845493,-16.600005745887756,200,200,33449.99784976244,1050.1483141674132,284.41454628336544,32115.43498931166,112462.50200271606,2,-15.450004577636719,91.60000228881836,1329.457481815365,2,4.549995422363281,89.1500015258789,369.7845261362701,-10.900009155273438,180.75000381469727,1699.242007951635,4,2025
20250923,0.35/0.15,2025-09-17,2025-09-23,6.24,5,25319.45,25198.3,0,25450,25250,25650,25050,0.364,-0.351,0.149,-0.155,0,0,86.59999465942383,31.899993121623993,71.0999950170517,-50.94999861717224,200,200,23924.994841217995,1031.6406589743315,365.4281121779134,22527.92607006575,85050.00400543213,2,-11.850006103515625,169.10000610351562,1223.1865201862568,3,16.0,204.75,763.3500449711445,4.149993896484375,373.8500061035156,1986.5365651574011,5,2025
20250930,0.25/0.05,2025-09-24,2025-09-30,6.24,5,25053.65,24620.7,0,25300,24900,25650,24500,0.241,-0.26,0.054,-0.054,0,0,72.25000047683716,-205.84998738765717,22.250001907348633,-237.15001195669174,350,400,-154387.49054074287,777.6797036885961,385.2341025261369,-155550.4043469576,245812.49964237213,1,-5.8000030517578125,50.900001525878906,658.6931519037578,5,-18.75,562.2499923706055,1344.2516122335696,-24.550003051757812,613.1499938964844,2002.9447641373274,6,2025
20250930,0.25/0.1,2025-09-24,2025-09-30,6.24,5,25053.65,24620.7,0,25300,24900,25500,24650,0.241,-0.26,0.101,-0.093,0,0,58.55000019073486,-179.69998610019684,16.35000228881836,-184.84999984502792,200,250,-134774.98957514763,970.6942758120283,432.30273905120146,-136177.98659001087,143587.49985694885,1,-5.8000030517578125,50.900001525878906,658.6931519037578,5,-18.75,562.2499923706055,1344.2516122335696,-24.550003051757812,613.1499938964844,2002.9447641373274,6,2025
20250930,0.35/0.15,2025-09-24,2025-09-30,6.24,5,25053.65,24620.7,0,25200,25000,25400,24750,0.353,-0.38,0.157,-0.14,0,0,97.30000114440918,-154.95000803470612,17.899998664855957,-155.75001108646393,200,250,-116212.50602602959,1206.3331963186981,630.0702871078782,-118048.90950945616,114524.99914169312,1,-2.8000030517578125,85.9000015258789,864.5481821308173,5,-4.29998779296875,866.1999893188477,1808.490635698192,-7.0999908447265625,952.0999908447266,2673.038817829009,6,2025
20251007,0.25/0.05,2025-10-01,2025-10-07,6.24,4,24682.3,25167.4,0,24900,24500,25250,24050,0.263,-0.252,0.051,-0.05,0,0,79.39999866485596,-189.44998915493488,31.99999713897705,-231.4500075429678,350,450,-142087.49186620116,1376.3781389441504,387.6929182867805,-143851.5629234321,277950.00100135803,4,37.849998474121094,407.3000030517578,1011.0409583596588,1,-5.149997711181641,53.54999923706055,1202.6249740162516,32.70000076293945,460.85000228881836,2213.6659323759104,5,2025
20251007,0.25/0.1,2025-10-01,2025-10-07,6.24,4,24682.3,25167.4,0,24900,24500,25100,24250,0.263,-0.252,0.103,-0.097,0,0,63.59999752044678,-134.64998722076416,22.149995803833008,-137.39999942481518,200,250,-100987.49041557312,1576.6114644829308,468.2218998720718,-103032.32377992813,139800.00185966492,4,37.849998474121094,407.3000030517578,1011.0409583596588,1,-5.149997711181641,53.54999923706055,1202.6249740162516,32.70000076293945,460.85000228881836,2213.6659323759104,5,2025
20251007,0.35/0.15,2025-10-01,2025-10-07,6.24,4,24682.3,25167.4,0,24850,24600,25000,24350,0.321,-0.357,0.167,-0.141,0,0,84.99999809265137,-61.449995800852776,26.29999876022339,-66.25000190734863,150,250,-46087.49685063958,2330.850075867454,640.0250718290582,-49058.37199833609,123750.00143051147,4,56.59999084472656,524.6999969482422,1156.2358956226633,1,-0.25,82.05000305175781,1727.3779750251852,56.34999084472656,606.75,2883.6138706478487,5,2025
20251014,0.25/0.05,2025-10-08,2025-10-14,6.24,5,25171.05,25154.4,0,25400,25000,25700,24600,0.234,-0.237,0.052,-0.051,0,0,61.75000190734863,61.1500019133091,61.1500019133091,-30.050002098083496,300,400,45862.50143498182,704.2630238996612,276.2325474121383,44882.00586367002,253687.49856948853,1,2.9000015258789062,39.099998474121094,337.0798157923865,2,40.400001525878906,103.75,731.1103417122255,43.30000305175781,142.8499984741211,1068.190157504612,3,2025
20251014,0.25/0.1,2025-10-08,2025-10-14,6.24,5,25171.05,25154.4,0,25400,25000,25550,24800,0.234,-0.237,0.111,-0.102,0,0,45.650001525878906,45.05000153183937,45.30000150203705,-21.000000953674316,150,200,33787.50114887953,840.2952126000499,281.6676909959173,32665.53824528356,115762.49885559082,1,2.9000015258789062,39.099998474121094,337.0798157923865,2,40.400001525878906,103.75,731.1103417122255,43.30000305175781,142.8499984741211,1068.190157504612,3,2025
20251014,0.35/0.15,2025-10-08,2025-10-14,6.24,5,25171.05,25154.4,0,25300,25100,25500,24900,0.359,-0.353,0.144,-0.155,0,0,86.09999656677246,82.39999666810036,82.39999666810036,-23.00000286102295,200,200,61799.99750107527,1012.9529240299103,345.8551796958253,60441.18939734953,85425.00257492065,1,15.349998474121094,74.6500015258789,502.21044246329694,2,-5.700004577636719,169.8499984741211,741.1120562817904,9.649993896484375,244.5,1243.3224987450874,3,2025
20251020,0.25/0.05,2025-10-14,2025-10-20,6.24,5,25236.6,25809.65,0,25500,25050,25900,24500,0.256,-0.266,0.047,-0.05,0,0,93.90000200271606,-216.70001010596752,34.00000190734863,-280.69998425245285,400,550,-162525.00757947564,1235.0516473118669,421.7194782392326,-164181.77870502675,342074.99849796295,4,-23.050003051757812,666.6500015258789,1633.8513609743845,1,4.5,68.5,970.0803465175368,-18.550003051757812,735.1500015258789,2603.9317074919213,5,2025
20251020,0.25/0.1,2025-10-14,2025-10-20,6.24,5,25236.6,25809.65,0,25500,25050,25750,24750,0.256,-0.266,0.09,-0.102,0,0,75.95000267028809,-171.25000648200512,23.200002670288086,-174.8999820649624,250,300,-128437.50486150384,1344.0016344909498,495.30564700518084,-130276.81214299997,168037.49799728394,4,-23.050003051757812,666.6500015258789,1633.8513609743845,1,4.5,68.5,970.0803465175368,-18.550003051757812,735.1500015258789,2603.9317074919213,5,2025
20251020,0.35/0.15,2025-10-14,2025-10-20,6.24,5,25236.6,25809.65,0,25400,25150,25650,24850,0.357,-0.361,0.139,-0.139,0,0,116.64999771118164,-131.40001145005226,23.399999618530273,-140.6499900817871,250,300,-98550.0085875392,1666.4841966266254,698.7762056678164,-100915.26898983364,137512.50171661377,4,-19.70000457763672,936.0499954223633,1800.2289991119612,1,7.850006103515625,95.94999694824219,1237.1702993805634,-11.849998474121094,1031.9999923706055,3037.3992984925244,5,2025
20251028,0.25/0.05,2025-10-23,2025-10-28,5.24,4,26082.3,25835.05,0,26350,25900,26700,25350,0.245,-0.253,0.05,-0.052,0,0,80.25000095367432,7.400002509355545,68.90000134706497,-110.89999270439148,350,550,5550.001882016659,671.852897052526,324.9560967832664,4553.192888180866,352312.49928474426,1,-10.0,51.400001525878906,361.11301380032523,4,9.200000762939453,239.74999618530273,885.7371839181444,-0.7999992370605469,291.14999771118164,1246.8501977184696,5,2025
20251028,0.25/0.1,2025-10-23,2025-10-28,5.24,4,26082.3,25835.05,0,26350,25900,26550,25600,0.245,-0.253,0.102,-0.095,0,0,63.70000076293945,-8.89999771118164,52.60000115633011,-89.59999227523804,200,300,-6674.9982833862305,803.8840888611393,330.80942585591384,-7809.691798103284,177224.9994277954,1,-10.0,51.400001525878906,361.11301380032523,4,9.200000762939453,239.74999618530273,885.7371839181444,-0.7999992370605469,291.14999771118164,1246.8501977184696,5,2025
20251028,0.35/0.15,2025-10-23,2025-10-28,5.24,4,26082.3,25835.05,0,26250,26000,26450,25750,0.347,-0.356,0.161,-0.153,0,0,96.39999771118164,-65.49999904632568,54.749998807907104,-83.70000839233398,200,250,-49124.99928474426,1201.288324878983,434.14734069528174,-50760.43495031852,115200.00171661377,1,-7.450004577636719,82.6500015258789,632.3316616125026,4,-39.649993896484375,380.5499954223633,1068.837979497108,-47.099998474121094,463.1999969482422,1701.1696411096107,5,2025
20251104,0.25/0.05,2025-10-29,2025-11-04,6.24,5,25987.25,25618.6,0,26300,25750,26750,25300,0.25,-0.231,0.046,-0.051,0,0,93.05000114440918,-34.34999579191208,50.550002455711365,-48.25000190734863,450,450,-25762.49684393406,1225.4580883310575,356.4434811206578,-27344.398413385778,267712.4991416931,1,15.099998474121094,63.900001525878906,908.2539858986268,4,28.449996948242188,263.0,1193.3927417337798,43.54999542236328,326.9000015258789,2101.6467276324065,5,2025
20251104,0.25/0.1,2025-10-29,2025-11-04,6.24,5,25987.25,25618.6,0,26300,25750,26550,25500,0.25,-0.231,0.103,-0.098,0,0,71.45000076293945,-55.499996185302734,34.49999952316284,-68.15000224113464,250,250,-41624.99713897705,1391.2582493312857,364.21463966424,-43380.47002797258,133912.4994277954,1,15.099998474121094,63.900001525878906,908.2539858986268,4,28.449996948242188,263.0,1193.3927417337798,43.54999542236328,326.9000015258789,2101.6467276324065,5,2025
20251104,0.35/0.15,2025-10-29,2025-11-04,6.24,5,25987.25,25618.6,0,26200,25900,26450,25600,0.333,-0.367,0.149,-0.139,0,0,120.3499984741211,-146.0500013232231,36.69999837875366,-149.50001335144043,250,300,-109537.50099241734,1754.3129403398643,507.1372126578436,-111798.95114541505,134737.50114440918,1,-4.3000030517578125,95.1500015258789,1143.69832270996,4,22.199989318847656,608.5500030517578,1370.2231072001416,17.899986267089844,703.7000045776367,2513.9214299101013,5,2025
20251111,0.25/0.05,2025-11-04,2025-11-11,7.24,5,25711.5,25693.25,0,26050,25450,26500,24950,0.232,-0.233,0.05,-0.046,0,0,92.75000095367432,92.30000092834234,92.3000009804964,-58.54999899864197,450,500,69225.00069625676,2074.942366527645,314.3894811021277,66835.66884862698,305437.49928474426,0,0.0,0.0,0.0,3,-24.499996185302734,274.60000228881836,1289.3115818171927,-24.499996185302734,274.60000228881836,1289.3115818171927,3,2025
20251111,0.25/0.1,2025-11-04,2025-11-11,7.24,5,25711.5,25693.25,0,26050,25450,26300,25200,0.232,-0.233,0.098,-0.102,0,0,70.75,70.45000000298023,70.45000000298023,-45.849995613098145,250,250,52837.500002235174,2464.1345140276435,321.97614853673036,50051.3893396708,134437.5,0,0.0,0.0,0.0,3,-24.499996185302734,274.60000228881836,1289.3115818171927,-24.499996185302734,274.60000228881836,1289.3115818171927,3,2025
20251111,0.35/0.15,2025-11-04,2025-11-11,7.24,5,25711.5,25693.25,0,25900,25600,26200,25300,0.357,-0.355,0.141,-0.144,0,0,134.70000076293945,133.15000082552433,133.15000082552433,-63.95000672340393,300,300,99862.50061914325,2777.7448948929923,419.82628512486133,96664.9294391254,123974.99942779541,0,0.0,0.0,0.0,4,-12.5,585.8499908447266,1426.982743302396,-12.5,585.8499908447266,1426.982743302396,4,2025
20251118,0.25/0.05,2025-11-12,2025-11-18,6.24,5,25846.5,25967.85,0,26100,25650,26500,25100,0.262,-0.262,0.047,-0.048,0,0,95.75000095367432,95.000000923872,95.15000092983246,-10.79999828338623,400,550,71250.000692904,1164.477122868237,315.3716061266285,69770.15196390913,340687.49928474426,3,5.650005340576172,167.75,1109.03070439376,3,-6.950000762939453,175.1500015258789,2138.6261005724928,-1.2999954223632812,342.9000015258789,3247.656804966253,6,2025
20251118,0.25/0.1,2025-11-12,2025-11-18,6.24,5,25846.5,25967.85,0,26100,25650,26350,25350,0.262,-0.262,0.091,-0.098,0,0,78.35000038146973,77.6000003516674,77.70000034570694,-8.499999046325684,250,300,58200.00026375055,1380.6032336441706,321.24561228979707,56498.15141781658,166237.4997138977,3,5.650005340576172,167.75,1109.03070439376,3,-6.950000762939453,175.1500015258789,2138.6261005724928,-1.2999954223632812,342.9000015258789,3247.656804966253,6,2025
20251118,0.35/0.15,2025-11-12,2025-11-18,6.24,5,25846.5,25967.85,0,26000,25750,26250,25500,0.365,-0.356,0.143,-0.161,0,0,114.30000114440918,106.95000097155571,106.95000097155571,-11.550004959106445,250,250,80212.50072866678,1719.4541401824501,395.70823485646457,78097.33835362787,101774.99914169312,3,-2.0,268.0,1488.0640267799827,2,-8.300003051757812,172.0,1650.5011762722156,-10.300003051757812,440.0,3138.5652030521983,5,2025
20251125,0.25/0.05,2025-11-19,2025-11-25,6.24,5,25909.15,25956.9,0,26200,25700,26550,25200,0.236,-0.261,0.055,-0.05,0,0,90.99999904632568,90.59999904036522,90.69999903440475,-50.450007915496826,350,500,67949.99928027391,1525.3593757337073,312.29829678865053,66112.34160775156,306750.00071525574,4,-4.750003814697266,305.3000030517578,2284.78552867632,0,0.0,0.0,0.0,-4.750003814697266,305.3000030517578,2284.78552867632,4,2025
20251125,0.25/0.1,2025-11-19,2025-11-25,6.24,5,25909.15,25956.9,0,26200,25700,26400,25400,0.236,-0.261,0.104,-0.094,0,0,73.14999771118164,72.84999769926071,72.89999774098396,-30.150006771087646,200,300,54637.498274445534,1732.5430829194631,318.4307258055287,52586.52446572054,170137.50171661377,4,-4.750003814697266,305.3000030517578,2284.78552867632,0,0.0,0.0,0.0,-4.750003814697266,305.3000030517578,2284.78552867632,4,2025
20251125,0.35/0.15,2025-11-19,2025-11-25,6.24,5,25909.15,25956.9,0,26100,25800,26300,25550,0.33,-0.352,0.159,-0.158,0,0,104.05000114440918,103.10000115633011,103.20000118017197,-29.050002098083496,200,250,77325.00086724758,1829.8106274305314,388.4516371099478,75106.7386027071,109462.49914169312,4,3.7500076293945312,482.1499938964844,1314.7790515462286,0,0.0,0.0,0.0,3.7500076293945312,482.1499938964844,1314.7790515462286,4,2025
20251202,0.25/0.05,2025-11-26,2025-12-02,6.24,5,26040.65,26037.3,0,26300,25850,26650,25400,0.266,-0.252,0.056,-0.048,0,0,92.50000190734863,92.2000018954277,92.2000018954277,-37.900001525878906,350,450,69150.00142157078,1336.9418339236154,311.6880290238719,67501.37155862329,268124.9985694885,4,-19.900001525878906,378.0500030517578,2722.308621053001,0,0.0,0.0,0.0,-19.900001525878906,378.0500030517578,2722.308621053001,4,2025
20251202,0.25/0.1,2025-11-26,2025-12-02,6.24,5,26040.65,26037.3,0,26300,25850,26550,25600,0.266,-0.252,0.091,-0.097,0,0,77.30000305175781,77.10000306367874,77.10000306367874,-33.75,250,250,57825.002297759056,1501.4440950627047,316.92585287792843,56006.63234981842,129524.99771118164,4,-19.900001525878906,378.0500030517578,2722.308621053001,0,0.0,0.0,0.0,-19.900001525878906,378.0500030517578,2722.308621053001,4,2025
20251202,0.35/0.15,2025-11-26,2025-12-02,6.24,5,26040.65,26037.3,0,26200,25950,26450,25700,0.366,-0.352,0.145,-0.144,0,0,117.10000038146973,115.45000031590462,115.95000040531158,-36.750000953674316,250,250,86587.50023692846,1153.3259925611792,388.9112647060824,85045.2629796612,99674.9997138977,4,-12.550003051757812,605.3000030517578,1815.1296255014847,0,0.0,0.0,0.0,-12.550003051757812,605.3000030517578,1815.1296255014847,4,2025
20251209,0.25/0.05,2025-12-03,2025-12-09,6.24,5,25941.95,25814.95,0,26200,25750,26600,25300,0.258,-0.257,0.047,-0.05,0,0,90.80000114440918,87.20000119507313,89.70000118017197,-12.049998998641968,400,450,65400.000896304846,1315.0302951317651,309.7290108926884,63775.24159028039,269399.9991416931,3,11.35000228881836,180.54999923706055,2398.5406913980405,2,-11.049999237060547,116.5999984741211,759.5084331410219,0.3000030517578125,297.14999771118164,3158.049124539062,5,2025
20251209,0.25/0.1,2025-12-03,2025-12-09,6.24,5,25941.95,25814.95,0,26200,25750,26450,25500,0.258,-0.257,0.091,-0.1,0,0,74.20000076293945,70.65000082552433,73.30000078678131,-16.649999618530273,250,250,52987.50061914325,1527.2760622941112,315.38620209166425,51144.83835475747,131849.9994277954,3,11.35000228881836,180.54999923706055,2398.5406913980405,2,-11.049999237060547,116.5999984741211,759.5084331410219,0.3000030517578125,297.14999771118164,3158.049124539062,5,2025
20251209,0.35/0.15,2025-12-03,2025-12-09,6.24,5,25941.95,25814.95,0,26100,25850,26350,25600,0.359,-0.356,0.141,-0.148,0,0,113.29999923706055,71.35000002384186,104.34999966621399,-26.90000605583191,250,250,53512.50001788139,1802.3877748180778,398.5388033125843,51311.57343975073,102525.00057220459,4,-31.050003051757812,355.6000061035156,3214.547415976095,2,-4.349998474121094,184.5999984741211,1137.6653606186928,-35.400001525878906,540.2000045776367,4352.212776594788,6,2025
20251216,0.25/0.05,2025-12-10,2025-12-16,6.24,5,25915.8,25868.9,0,26150,25750,26550,25300,0.263,-0.27,0.045,-0.048,0,0,89.5500020980835,89.05000208318233,89.05000212788582,-38.19999551773071,400,450,66787.50156238675,1131.7662619089615,305.38739283888987,65350.34790763889,270337.4984264374,2,-13.050003051757812,105.1500015258789,1017.737421805874,2,50.599998474121094,155.1500015258789,1194.0931587095984,37.54999542236328,260.3000030517578,2211.8305805154723,4,2025
20251216,0.25/0.1,2025-12-10,2025-12-16,6.24,5,25915.8,25868.9,0,26150,25750,26350,25500,0.263,-0.27,0.11,-0.101,0,0,69.85000228881836,69.40000227093697,69.5000022649765,-28.99999475479126,200,250,52050.001703202724,1399.1770297970647,312.09110213382615,50338.733571271834,135112.49828338623,2,-13.050003051757812,105.1500015258789,1017.737421805874,2,50.599998474121094,155.1500015258789,1194.0931587095984,37.54999542236328,260.3000030517578,2211.8305805154723,4,2025
20251216,0.35/0.15,2025-12-10,2025-12-16,6.24,5,25915.8,25868.9,0,26050,25800,26300,25600,0.373,-0.323,0.138,-0.151,0,0,100.30000305175781,99.05000302195549,99.20000305771828,-9.949991226196289,250,200,74287.50226646662,1122.8350484875205,365.6928868363077,72798.97433114279,112274.99771118164,2,-0.3000030517578125,175.4499969482422,559.9289783457351,2,41.849998474121094,192.3499984741211,1076.087553728621,41.54999542236328,367.7999954223633,1636.0165320743563,4,2025
20251223,0.25/0.05,2025-12-17,2025-12-23,6.24,5,25881.75,26210.95,0,26100,25700,26450,25300,0.27,-0.25,0.05,-0.049,0,0,83.35000324249268,-29.649996757507324,49.90000247955322,-41.04999978840351,350,400,-22237.497568130493,1052.0803970414281,336.62207647267695,-23626.2000416446,237487.4975681305,2,14.75,153.4499969482422,485.609814609116,2,6.900001525878906,122.4000015258789,1608.7227965188108,21.650001525878906,275.8499984741211,2094.3326111279266,4,2025
20251223,0.25/0.1,2025-12-17,2025-12-23,6.24,5,25881.75,26210.95,0,26100,25700,26300,25500,0.27,-0.25,0.105,-0.11,0,0,64.40000343322754,-48.19999659061432,34.70000410079956,-58.89999958872795,200,200,-36149.99744296074,1253.2974905840074,343.44537612539375,-37746.740309670146,101699.99742507935,2,14.75,153.4499969482422,485.609814609116,2,6.900001525878906,122.4000015258789,1608.7227965188108,21.650001525878906,275.8499984741211,2094.3326111279266,4,2025
20251223,0.35/0.15,2025-12-17,2025-12-23,6.24,5,25881.75,26210.95,0,26050,25800,26250,25550,0.327,-0.359,0.137,-0.135,0,0,97.8499984741211,-62.650004491209984,44.5499963760376,-70.0500074326992,200,250,-46987.50336840749,1515.2966582401132,412.21525789131243,-48915.01528453892,114112.50114440918,2,22.0,225.0500030517578,603.2258141124992,2,11.699996948242188,196.8000030517578,2337.733515420811,33.69999694824219,421.8500061035156,2940.9593295333098,4,2025
20251230,0.25/0.05,2025-12-24,2025-12-30,6.24,4,26217.55,25926.55,0,26400,26050,26700,25700,0.262,-0.228,0.048,-0.051,0,0,60.19999933242798,-60.30000065267086,28.39999771118164,-110.65000689029694,300,350,-45225.000489503145,1398.7880255522828,311.90227271526,-46935.69078777069,217350.00050067902,1,-9.75,40.400001525878906,1018.3160079344946,4,38.29999542236328,253.60000228881836,1199.0153179937909,28.54999542236328,294.00000381469727,2217.3313259282854,5,2025
20251230,0.25/0.1,2025-12-24,2025-12-30,6.24,4,26217.55,25926.55,0,26400,26050,26550,25850,0.262,-0.228,0.108,-0.09,0,0,47.599998474121094,-72.60000155121088,17.84999680519104,-112.15000113844872,150,200,-54450.00116340816,1535.9002581707011,316.4753894571611,-56302.376811036025,114300.00114440918,1,-9.75,40.400001525878906,1018.3160079344946,4,38.29999542236328,253.60000228881836,1199.0153179937909,28.54999542236328,294.00000381469727,2217.3313259282854,5,2025
20251230,0.35/0.15,2025-12-24,2025-12-30,6.24,4,26217.55,25926.55,0,26350,26150,26500,25950,0.334,-0.351,0.148,-0.143,0,0,74.5,-118.05000038444996,8.500000953674316,-122.60000306367874,150,200,-88537.50028833747,2069.6915736039405,425.9380622712335,-91033.12992421264,94125.0,1,-5.75,53.599998474121094,1313.5750464877292,4,25.75,472.8499946594238,1772.336361968609,20.0,526.4499931335449,3085.911408456338,5,2025
20260106,0.25/0.05,2025-12-31,2026-01-06,6.24,5,25977.25,26146.0,0,26200,25850,26500,25500,0.244,-0.271,0.047,-0.054,0,0,69.7999997138977,68.49999967962503,68.94999969750643,-107.75000405311584,300,350,51374.999759718776,1336.5405619471703,282.3075897169656,49756.15160805464,210150.00021457672,5,-10.799999237060547,407.70000076293945,1045.907435918398,0,0.0,0.0,0.0,-10.799999237060547,407.70000076293945,1045.907435918398,5,2025
20260106,0.25/0.1,2025-12-31,2026-01-06,6.24,5,25977.25,26146.0,0,26200,25850,26350,25650,0.244,-0.271,0.107,-0.105,0,0,54.45000076293945,53.300000727176666,53.75000074505806,-64.20000529289246,150,200,39975.0005453825,1566.3810173317474,287.64930588623616,38120.97022216451,109162.49942779541,5,-10.799999237060547,407.70000076293945,1045.907435918398,0,0.0,0.0,0.0,-10.799999237060547,407.70000076293945,1045.907435918398,5,2025
20260106,0.35/0.15,2025-12-31,2026-01-06,6.24,5,25977.25,26146.0,0,26100,25900,26300,25700,0.373,-0.336,0.143,-0.133,0,0,90.85000228881836,40.850000753998756,54.350000753998756,-85.55000686645508,200,200,30637.500565499067,1875.7425078622546,357.35709537588326,28404.40096226093,81862.49828338623,5,6.600006103515625,737.8499984741211,2270.949174132273,0,0.0,0.0,0.0,6.600006103515625,737.8499984741211,2270.949174132273,5,2025
20260113,0.25/0.05,2026-01-07,2026-01-13,6.24,5,26113.1,25622.4,0,26300,25950,26650,25600,0.277,-0.239,0.046,-0.045,0,0,71.75,-243.4999996125698,20.20000123977661,-249.99998739361763,350,350,-182624.99970942736,865.9840598289915,405.2381409909255,-183896.2219102473,208687.5,1,8.89999771118164,51.04999923706055,733.7509261890889,4,-26.899993896484375,756.0,1683.4080678164557,-17.999996185302734,807.0499992370605,2417.1589940055446,5,2026
20260113,0.25/0.1,2026-01-07,2026-01-13,6.24,5,26113.1,25622.4,0,26300,25950,26500,25750,0.277,-0.239,0.098,-0.088,0,0,58.85000038146973,-143.29999959468842,14.80000114440918,-143.29999959468842,200,200,-107474.99969601631,976.5408009542791,530.0542957748935,-108981.59479274548,105862.4997138977,1,8.89999771118164,51.04999923706055,733.7509261890889,4,-26.899993896484375,756.0,1683.4080678164557,-17.999996185302734,807.0499992370605,2417.1589940055446,5,2026
20260113,0.35/0.15,2026-01-07,2026-01-13,6.24,5,26113.1,25622.4,0,26250,26050,26400,25850,0.344,-0.363,0.169,-0.147,0,0,81.55000114440918,-118.39998665452003,12.05000114440918,-125.40000188350677,150,200,-88799.98999089003,1238.4361054132714,728.6829454777767,-90767.10904178108,88837.49914169312,1,13.25,68.1500015258789,839.7402900979762,5,-38.5999755859375,1113.849967956543,2532.2862083026134,-25.3499755859375,1181.9999694824219,3372.02649840059,6,2026
20260120,0.25/0.05,2026-01-14,2026-01-20,6.24,4,25691.85,25384.75,0,25950,25450,26350,24950,0.241,-0.23,0.05,-0.052,0,0,77.15000200271606,18.300001233816147,61.75000214576721,-15.8999964594841,400,500,13725.00092536211,1167.2473076412102,317.62945372542896,12240.124163995471,317137.49849796295,2,28.349998474121094,92.5,1206.2063740080102,3,-26.099998474121094,163.75,1486.5034994073249,2.25,256.25,2692.709873415335,5,2026
20260120,0.25/0.1,2026-01-14,2026-01-20,6.24,4,25691.85,25384.75,0,25950,25450,26150,25200,0.241,-0.23,0.108,-0.103,0,0,57.35000228881836,-0.9499984681606293,42.800002455711365,-34.749996185302734,200,250,-712.498851120472,1329.800984129128,324.8994649340415,-2367.1993001836413,144487.49828338623,2,28.349998474121094,92.5,1206.2063740080102,3,-26.099998474121094,163.75,1486.5034994073249,2.25,256.25,2692.709873415335,5,2026
20260120,0.35/0.15,2026-01-14,2026-01-20,6.24,4,25691.85,25384.75,0,25850,25600,26050,25300,0.345,-0.364,0.162,-0.142,0,0,104.9000015258789,-93.94999548792839,47.350003480911255,-127.64999198913574,200,300,-70462.4966159463,1875.0312487777737,451.3962491910705,-72788.92411391513,146324.99885559082,2,54.300010681152344,147.39999389648438,1877.909923366153,3,-25.349998474121094,347.5499954223633,2168.0596263526386,28.95001220703125,494.94998931884766,4045.9695497187913,5,2026
20260127,0.25/0.05,2026-01-21,2026-01-27,6.24,4,25195.8,25040.85,0,25500,24950,25950,24250,0.241,-0.241,0.052,-0.05,0,0,88.75000095367432,81.30000111460686,81.60000091791153,-76.85000038146973,450,700,60975.00083595514,1140.3310804557036,318.3834687689512,59516.28628673049,458437.49928474426,2,17.700000762939453,155.95000076293945,1541.9323951520237,4,-25.300006866455078,239.35000228881836,1141.6768208474978,-7.600006103515625,395.3000030517578,2683.6092159995214,6,2026
20260127,0.25/0.1,2026-01-21,2026-01-27,6.24,4,25195.8,25040.85,0,25500,24950,25750,24600,0.241,-0.241,0.1,-0.098,0,0,69.4000015258789,62.2500017285347,62.85000145435333,-50.749999046325684,250,350,46687.501296401024,1190.312161542728,325.2352943277216,45171.95384053057,210449.99885559082,2,17.700000762939453,155.95000076293945,1541.9323951520237,4,-25.300006866455078,239.35000228881836,1141.6768208474978,-7.600006103515625,395.3000030517578,2683.6092159995214,6,2026
20260127,0.35/0.15,2026-01-21,2026-01-27,6.24,4,25195.8,25040.85,0,25400,25100,25650,24750,0.33,-0.363,0.143,-0.14,0,0,113.80000305175781,49.600004613399506,79.20000457763672,-59.49998092651367,250,350,37200.00346004963,1669.8576347299745,418.9261754264758,35111.21964989318,177149.99771118164,2,31.54999542236328,231.50000762939453,2362.455366374228,4,-3.649993896484375,406.0999984741211,1751.1879020331367,27.900001525878906,637.6000061035156,4113.643268407364,6,2026
20260203,0.25/0.05,2026-01-28,2026-02-03,6.24,6,25284.8,25781.55,0,25700,24900,26400,24000,0.259,-0.25,0.048,-0.049,0,0,155.5500020980835,57.35000205039978,125.30000162124634,-137.15000247955322,700,900,43012.501537799835,2022.0111512000585,430.75741130217955,40559.7329752976,558337.4984264374,4,15.75,395.2000045776367,2637.577607503882,4,-5.4000091552734375,500.0500030517578,5515.391033772773,10.349990844726562,895.2500076293945,8152.968641276655,8,2026
20260203,0.25/0.1,2026-01-28,2026-02-03,6.24,6,25284.8,25781.55,0,25700,24900,26100,24400,0.259,-0.25,0.101,-0.098,0,0,122.55000114440918,25.350001126527786,94.70000100135803,-100.4500036239624,400,500,19012.50084489584,2210.270685576742,442.96285435586924,16359.267304963229,283087.4991416931,4,15.75,395.2000045776367,2637.577607503882,4,-5.4000091552734375,500.0500030517578,5515.391033772773,10.349990844726562,895.2500076293945,8152.968641276655,8,2026
20260203,0.35/0.15,2026-01-28,2026-02-03,6.24,6,25284.8,25781.55,0,25550,25100,25950,24650,0.348,-0.356,0.146,-0.157,0,0,181.1500015258789,-60.09999245405197,86.3999981880188,-135.49999237060547,400,450,-45074.99434053898,3125.4617258215353,609.2715843870989,-48809.72765074761,201637.49885559082,5,-46.25,835.1999969482422,6373.838037207141,5,-16.25,963.25,8665.552133534427,-62.5,1798.4499969482422,15039.390170741568,10,2026
20260210,0.25/0.05,2026-02-04,2026-02-10,6.24,5,25790.95,25924.6,0,26100,25500,26700,24700,0.265,-0.252,0.047,-0.048,0,0,120.14999961853027,119.34999968111515,119.54999965429306,0.0,600,800,89512.49976083636,1010.4023797699317,351.1953083360526,88150.90207273037,509887.5002861023,0,0.0,0.0,0.0,3,13.149986267089844,239.75000762939453,1823.004500552951,13.149986267089844,239.75000762939453,1823.004500552951,3,2026
20260210,0.25/0.1,2026-02-04,2026-02-10,6.24,5,25790.95,25924.6,0,26100,25500,26450,25100,0.265,-0.252,0.095,-0.098,0,0,96.5,95.90000006556511,96.19999998807907,-0.5000004768371582,350,400,71925.00004917383,1259.4623179693162,359.39224742794784,70306.14548377656,227625.0,0,0.0,0.0,0.0,3,13.149986267089844,239.75000762939453,1823.004500552951,13.149986267089844,239.75000762939453,1823.004500552951,3,2026
20260210,0.35/0.15,2026-02-04,2026-02-10,6.24,5,25790.95,25924.6,0,26000,25650,26300,25300,0.343,-0.355,0.149,-0.155,0,0,135.8499984741211,134.09999844431877,134.24999848008156,-30.100002765655518,300,350,100574.99883323908,1309.318625924564,443.28088349150715,98822.399323823,160612.50114440918,0,0.0,0.0,0.0,3,30.600006103515625,411.25,1391.372459250379,30.600006103515625,411.25,1391.372459250379,3,2026
20260217,0.25/0.05,2026-02-11,2026-02-17,6.24,5,25934.75,25685.05,0,26200,25750,26600,25150,0.236,-0.26,0.052,-0.049,0,0,79.3499984741211,10.0,56.149998515844345,-244.9000015258789,400,600,7500.0,928.1755056356021,323.7277000196908,6248.096794344707,390487.5011444092,1,-8.799999237060547,47.0,694.0637363232572,5,19.400005340576172,711.1999931335449,1633.6512734063351,10.600006103515625,758.1999931335449,2327.7150097295926,6,2026
20260217,0.25/0.1,2026-02-11,2026-02-17,6.24,5,25934.75,25685.05,0,26200,25750,26400,25450,0.236,-0.26,0.103,-0.099,0,0,62.549997329711914,-6.400001168251038,39.74999734759331,-171.25000405311584,200,300,-4800.000876188278,1080.7859652211475,329.82518904063426,-6210.61203045006,178087.50200271606,1,-8.799999237060547,47.0,694.0637363232572,5,19.400005340576172,711.1999931335449,1633.6512734063351,10.600006103515625,758.1999931335449,2327.7150097295926,6,2026
20260217,0.35/0.15,2026-02-11,2026-02-17,6.24,5,25934.75,25685.05,0,26100,25850,26300,25600,0.341,-0.359,0.156,-0.157,0,0,95.89999961853027,-69.30000028014183,16.999999046325684,-133.05000042915344,200,250,-51975.00021010637,1343.582494564055,430.87148443334144,-53749.45418910377,115575.0002861023,1,-4.25,75.80000305175781,970.3718950233164,5,21.84998321533203,1028.5500030517578,2023.3431974346063,17.59998321533203,1104.3500061035156,2993.7150924579228,6,2026
20260224,0.25/0.05,2026-02-18,2026-02-24,6.24,5,25734.6,25405.25,0,26000,25500,26400,24900,0.234,-0.235,0.05,-0.048,0,0,76.40000009536743,-24.099998354911804,49.700000166893005,-103.05000638961792,400,600,-18074.998766183853,687.8692402678206,331.3119182963615,-19094.179924748034,392699.9999284744,1,9.400001525878906,44.349998474121094,512.9745142853699,5,-1.4000053405761719,363.0,1098.5866303484681,7.999996185302734,407.3499984741211,1611.561144633838,6,2026
20260224,0.25/0.1,2026-02-18,2026-02-24,6.24,5,25734.6,25405.25,0,26000,25500,26200,25200,0.234,-0.235,0.103,-0.094,0,0,59.19999885559082,-40.89999958872795,37.24999809265137,-98.84999811649323,200,300,-30674.999691545963,718.0473320285303,337.54444200124186,-31730.591465575737,180600.00085830688,1,9.400001525878906,44.349998474121094,512.9745142853699,5,-1.4000053405761719,363.0,1098.5866303484681,7.999996185302734,407.3499984741211,1611.561144633838,6,2026
20260224,0.35/0.15,2026-02-18,2026-02-24,6.24,5,25734.6,25405.25,0,25900,25650,26100,25350,0.336,-0.371,0.156,-0.146,0,0,104.29999732971191,-134.70000609755516,45.44999933242798,-162.5499950647354,200,300,-101025.00457316637,1028.421373779332,473.56893851970534,-102526.9948854654,146775.00200271606,1,17.400001525878906,72.5999984741211,761.5079175107426,5,49.300010681152344,657.0499954223633,1773.6523199675507,66.70001220703125,729.6499938964844,2535.1602374782933,6,2026
20260302,0.25/0.05,2026-02-24,2026-03-02,6.24,5,25504.7,24730.65,0,25850,25200,26350,24500,0.251,-0.251,0.049,-0.052,0,0,121.69999980926514,-354.0499940812588,80.65000081062317,-473.8499994277954,500,700,-265537.4955609441,1788.1996731879574,517.8818771777732,-267843.5771113098,433725.00014305115,1,-3.7999954223632812,70.19999694824219,1324.9947097251854,3,-32.79998779296875,453.09999084472656,1703.2214144164304,-36.59998321533203,523.2999877929688,3028.216124141616,4,2026
20260302,0.25/0.1,2026-02-24,2026-03-02,6.24,5,25504.7,24730.65,0,25850,25200,26150,24800,0.251,-0.251,0.094,-0.097,0,0,99.29999923706055,-286.299991607666,64.5,-300.65000689029694,300,400,-214724.9937057495,1990.9592214801937,621.4613718174795,-217337.41429904717,225525.0005722046,1,-3.7999954223632812,70.19999694824219,1324.9947097251854,3,-32.79998779296875,453.09999084472656,1703.2214144164304,-36.59998321533203,523.2999877929688,3028.216124141616,4,2026
20260302,0.35/0.15,2026-02-24,2026-03-02,6.24,5,25504.7,24730.65,0,25700,25350,26000,25000,0.366,-0.349,0.158,-0.156,0,0,150.4000015258789,-198.6999740600586,74.89999961853027,-208.35000458359718,300,350,-149024.98054504395,3164.07768173746,978.2551066311175,-153167.31333341252,149699.99885559082,2,1.5999984741210938,241.95000457763672,4116.313604468618,3,-26.900009155273438,671.150016784668,2387.114295057285,-25.300010681152344,913.1000213623047,6503.427899525903,5,2026
20260310,0.25/0.05,2026-03-04,2026-03-10,6.24,5,24413.15,24238.95,0,24950,23850,25650,23150,0.24,-0.254,0.049,-0.065,0,0,202.20000076293945,201.5000007674098,201.550000756979,-33.94999694824219,700,700,151125.00057555735,3667.4989395243397,460.15306860751247,146997.3485674255,373349.9994277954,3,-16.79999542236328,299.4499969482422,6875.81838941384,2,-7.0000152587890625,443.8000030517578,2342.0526065803742,-23.800010681152344,743.25,9217.870995994213,5,2026
20260310,0.25/0.1,2026-03-04,2026-03-10,6.24,5,24413.15,24238.95,0,24950,23850,25350,23200,0.24,-0.254,0.099,-0.096,0,0,164.2000026702881,163.50000267475843,163.55000270158052,-59.15001106262207,400,650,122625.00200606883,4737.896116520029,472.9813568636173,117414.12453268518,364349.99799728394,3,-16.79999542236328,299.4499969482422,6875.81838941384,2,-7.0000152587890625,443.8000030517578,2342.0526065803742,-23.800010681152344,743.25,9217.870995994213,5,2026
20260310,0.35/0.15,2026-03-04,2026-03-10,6.24,5,24413.15,24238.95,0,24750,24150,25150,23400,0.34,-0.359,0.157,-0.151,0,0,232.74999618530273,225.19999637454748,228.04999628663063,-149.24999332427979,400,750,168899.9972809106,5283.881462620142,635.9725721895559,162980.14324610092,387937.50286102295,3,-9.499984741210938,499.79998779296875,7506.009098980065,2,-2.95001220703125,717.2500152587891,1771.2051842366686,-12.449996948242188,1217.0500030517578,9277.214283216734,5,2026
20260317,0.25/0.05,2026-03-11,2026-03-17,6.24,5,24199.15,23572.75,0,24650,23750,25250,22700,0.24,-0.248,0.051,-0.049,1,0,157.45000171661377,-32.599995229393244,1.3999986723065376,-548.349977016449,600,1050,-24449.996422044933,3889.8491927465284,466.874280305042,-28806.719895096503,669412.4987125397,0,0.0,0.0,0.0,5,-16.75,1680.5500030517578,2762.9220827731187,-16.75,1680.5500030517578,2762.9220827731187,5,2026
20260317,0.25/0.1,2026-03-11,2026-03-17,6.24,5,24199.15,23572.75,0,24650,23750,25000,23200,0.24,-0.248,0.099,-0.104,0,0,120.6500015258789,-68.89999543502927,0.0,-357.9499679803848,350,550,-51674.99657627195,4824.456941623767,479.8300086685605,-56979.28352656428,322012.4988555908,0,0.0,0.0,0.0,5,-16.75,1680.5500030517578,2762.9220827731187,-16.75,1680.5500030517578,2762.9220827731187,5,2026
20260317,0.35/0.15,2026-03-11,2026-03-17,6.24,5,24199.15,23572.75,0,24450,23950,24850,23450,0.36,-0.337,0.147,-0.154,0,0,193.25,-191.99999390169978,0.0,-326.15001225471497,400,500,-143999.99542627484,6741.338394160244,681.9228509079595,-151423.25667134303,230062.5,0,0.0,0.0,0.0,5,39.5999755859375,2388.500030517578,4845.82601306134,39.5999755859375,2388.500030517578,4845.82601306134,5,2026
20260324,0.25/0.05,2026-03-18,2026-03-24,6.24,5,23713.2,22934.2,0,24100,23300,24650,22250,0.239,-0.248,0.05,-0.05,0,0,137.4000062942505,-236.44999981671572,10.00000286102295,-588.1499845981598,550,1050,-177337.4998625368,2929.5176438839403,505.95463675850226,-180772.97214317924,684449.9952793121,1,30.300003051757812,70.69999694824219,2265.872308729035,5,31.699981689453125,1790.0499877929688,4734.798713910647,61.99998474121094,1860.749984741211,7000.671022639683,6,2026
20260324,0.25/0.1,2026-03-18,2026-03-24,6.24,5,23713.2,22934.2,0,24100,23300,24400,22750,0.239,-0.248,0.102,-0.102,0,0,104.70000839233398,-265.34999780729413,7.700008392333984,-408.8500007688999,300,550,-199012.4983554706,4121.414504846007,521.041045030785,-203654.95390534739,333974.9937057495,1,30.300003051757812,70.69999694824219,2265.872308729035,5,31.699981689453125,1790.0499877929688,4734.798713910647,61.99998474121094,1860.749984741211,7000.671022639683,6,2026
20260324,0.35/0.15,2026-03-18,2026-03-24,6.24,5,23713.2,22934.2,0,23950,23500,24250,23000,0.342,-0.345,0.158,-0.151,0,0,158.95000076293945,-321.150014501065,8.10000991821289,-343.149993121624,300,500,-240862.51087579876,5613.683877697213,790.9568523482909,-247267.15160584426,255787.4994277954,1,24.150001525878906,114.8499984741211,3419.572361239352,5,9.050003051757812,2447.449981689453,5678.3712896413,33.20000457763672,2562.299980163574,9097.943650880652,6,2026
20260330,0.25/0.05,2026-03-24,2026-03-30,6.24,4,22719.05,22384.4,0,23300,22100,24100,21750,0.253,-0.254,0.05,-0.166,0,1,164.25000381469727,163.30000379681587,163.55000385642052,-172.30000686645508,800,350,122475.0028476119,5067.799198880337,524.1061789175344,116883.09746981403,476812.49713897705,3,-16.150009155273438,501.65000915527344,4896.207945227172,1,-5.4499969482421875,161.1999969482422,1588.70757574128,-21.600006103515625,662.8500061035156,6484.915520968452,4,2026
20260330,0.25/0.1,2026-03-24,2026-03-30,6.24,4,22719.05,22384.4,0,23300,22100,23750,21750,0.253,-0.254,0.105,-0.166,0,1,142.50000381469727,141.6000038087368,141.85000383853912,-102.74998664855957,450,350,106200.0028565526,5308.975490010134,531.5019407202313,100359.52542582223,230624.99713897705,3,-16.150009155273438,501.65000915527344,4896.207945227172,1,-5.4499969482421875,161.1999969482422,1588.70757574128,-21.600006103515625,662.8500061035156,6484.915520968452,4,2026
20260330,0.35/0.15,2026-03-24,2026-03-30,6.24,4,22719.05,22384.4,0,23100,22400,23600,21750,0.341,-0.353,0.145,-0.166,0,1,267.00000381469727,221.00000536441803,249.40000462532043,-75.99996757507324,500,650,165750.00402331352,6083.64313799294,705.9110264352818,158960.4498588853,287249.99713897705,3,-9.099990844726562,762.1000061035156,3997.874506182778,1,-3.649993896484375,242.5,2526.381541828523,-12.749984741210938,1004.6000061035156,6524.256048011301,4,2026
20260407,0.25/0.05,2026-04-01,2026-04-07,6.24,4,22858.95,23020.35,0,23400,22350,23900,21300,0.251,-0.258,0.093,-0.054,1,1,189.3499984741211,188.8499984703958,188.9499984830618,-146.85001182556152,500,1050,141637.49885279685,5849.114973270131,468.70168791169965,135319.68219161502,645487.5011444092,1,-10.0,125.0,1563.2705329304003,2,20.149978637695312,487.95001220703125,4828.0192951503295,10.149978637695312,612.9500122070312,6391.289828080729,3,2026
20260407,0.25/0.1,2026-04-01,2026-04-07,6.24,4,22858.95,23020.35,0,23400,22350,23850,21700,0.251,-0.258,0.104,-0.1,0,0,162.29999923706055,161.89999923855066,161.9499992504716,-102.2000093460083,450,650,121424.999428913,6517.781171465349,477.93991249219647,114429.27834495546,365775.0005722046,1,-10.0,125.0,1563.2705329304003,2,20.149978637695312,487.95001220703125,4828.0192951503295,10.149978637695312,612.9500122070312,6391.289828080729,3,2026
20260407,0.35/0.15,2026-04-01,2026-04-07,6.24,4,22858.95,23020.35,0,23200,22600,23650,21950,0.344,-0.357,0.157,-0.146,0,0,242.44999313354492,240.09999315440655,241.04999314248562,-110.80002307891846,450,650,180074.9948658049,5705.435611272586,630.241192857284,173739.31806167503,305662.5051498413,1,-10.0,192.10000610351562,1981.113939020896,3,20.300018310546875,923.8500061035156,2825.5484398398376,10.300018310546875,1115.9500122070312,4806.662378860734,4,2026
20260413,0.25/0.05,2026-04-07,2026-04-13,6.24,5,22820.45,23889.05,0,23450,22200,24200,21850,0.24,-0.247,0.047,-0.155,0,1,163.0999984741211,-280.35000153258443,6.500004559755325,-392.7000014781952,750,350,-210262.50114943832,5455.379225636873,652.0648762009007,-216369.94525127608,440175.0011444092,5,-24.650009155273438,1870.449966430664,3020.8754595995365,0,0.0,0.0,0.0,-24.650009155273438,1870.449966430664,3020.8754595995365,5,2026
20260413,0.25/0.1,2026-04-07,2026-04-13,6.24,5,22820.45,23889.05,0,23450,22200,23900,21850,0.24,-0.247,0.101,-0.155,0,1,140.75,-277.19999923184514,2.1500015258789062,-277.19999923184514,450,350,-207899.99942388386,5301.275930601444,686.7696429285779,-213888.04499741388,231937.5,5,-24.650009155273438,1870.449966430664,3020.8754595995365,0,0.0,0.0,0.0,-24.650009155273438,1870.449966430664,3020.8754595995365,5,2026
20260413,0.35/0.15,2026-04-07,2026-04-13,6.24,5,22820.45,23889.05,0,23200,22500,23700,21850,0.346,-0.351,0.155,-0.155,0,1,277.25,-217.34999084472656,9.35000228881836,-224.24999694526196,500,650,-163012.49313354492,8134.803768775341,1134.076028239545,-172281.3729305598,279562.5,5,-42.24993896484375,2973.2999877929688,4549.068069377749,0,0.0,0.0,0.0,-42.24993896484375,2973.2999877929688,4549.068069377749,5,2026
20260421,0.25/0.05,2026-04-15,2026-04-21,6.24,5,24219.4,24568.15,0,24600,23850,25100,23000,0.254,-0.26,0.051,-0.048,0,0,152.29999542236328,144.9999954290688,148.29999524354935,-4.550009727478027,500,850,108749.9965718016,2694.2091653251537,391.2790985565627,105664.50830791988,523275.00343322754,1,-1.5999984741210938,80.25,290.52036511239044,2,-7.799995422363281,204.25,3618.9265910432223,-9.399993896484375,284.5,3909.4469561556125,3,2026
20260421,0.25/0.1,2026-04-15,2026-04-21,6.24,5,24219.4,24568.15,0,24600,23850,24900,23350,0.254,-0.26,0.104,-0.098,0,0,121.04999542236328,113.79999542981386,117.09999524056911,-4.250007629394531,300,500,85349.9965723604,2858.849166476047,401.8819325723562,82089.26547331199,284212.50343322754,1,-1.5999984741210938,80.25,290.52036511239044,2,-7.799995422363281,204.25,3618.9265910432223,-9.399993896484375,284.5,3909.4469561556125,3,2026
20260421,0.35/0.15,2026-04-15,2026-04-21,6.24,5,24219.4,24568.15,0,24450,24000,24800,23550,0.357,-0.338,0.144,-0.146,0,0,178.8000030517578,61.85000458359718,120.95000153779984,-4.099994659423828,350,450,46387.50343769789,3449.1336691262823,544.0470621084999,42394.32270646311,203399.99771118164,2,-5.45001220703125,261.0500030517578,879.8525253982336,2,-4.1500091552734375,285.15000915527344,4085.0645185768335,-9.600021362304688,546.2000122070312,4964.917043975067,4,2026
20260428,0.25/0.05,2026-04-22,2026-04-28,6.24,5,24426.5,24020.25,0,24800,24000,25350,23250,0.26,-0.244,0.052,-0.049,0,0,152.95000076293945,141.45000077039003,148.65000095963478,-100.24998664855957,550,750,106087.50057779253,2849.76031460007,394.0204758399676,102843.71978735249,447787.4994277954,0,0.0,0.0,0.0,4,18.899993896484375,467.8000030517578,1357.0312786310606,18.899993896484375,467.8000030517578,1357.0312786310606,4,2026
20260428,0.25/0.1,2026-04-22,2026-04-28,6.24,5,24426.5,24020.25,0,24800,24000,25150,23550,0.26,-0.244,0.099,-0.095,0,0,123.10000038146973,111.55000039190054,119.25000056624413,-81.14999055862427,350,450,83662.5002939254,3596.973996432661,404.04418016192085,79661.48211733083,245174.9997138977,0,0.0,0.0,0.0,4,18.899993896484375,467.8000030517578,1357.0312786310606,18.899993896484375,467.8000030517578,1357.0312786310606,4,2026
20260428,0.35/0.15,2026-04-22,2026-04-28,6.24,5,24426.5,24020.25,0,24650,24200,25000,23750,0.359,-0.345,0.155,-0.148,0,0,186.05000686645508,8.300009910017252,134.60000535845757,-104.24999570846558,350,450,6225.007432512939,4922.504597390398,581.5518510434332,720.9509840791078,197962.4948501587,0,0.0,0.0,0.0,5,21.050018310546875,988.0499877929688,2412.750776183554,21.050018310546875,988.0499877929688,2412.750776183554,5,2026
